-- MySQL dump 10.16  Distrib 10.1.25-MariaDB, for debian-linux-gnu (x86_64)
--
-- Host: localhost    Database: succession
-- ------------------------------------------------------
-- Server version	10.1.25-MariaDB-

/*!40101 SET @OLD_CHARACTER_SET_CLIENT=@@CHARACTER_SET_CLIENT */;
/*!40101 SET @OLD_CHARACTER_SET_RESULTS=@@CHARACTER_SET_RESULTS */;
/*!40101 SET @OLD_COLLATION_CONNECTION=@@COLLATION_CONNECTION */;
/*!40101 SET NAMES utf8mb4 */;
/*!40103 SET @OLD_TIME_ZONE=@@TIME_ZONE */;
/*!40103 SET TIME_ZONE='+00:00' */;
/*!40014 SET @OLD_UNIQUE_CHECKS=@@UNIQUE_CHECKS, UNIQUE_CHECKS=0 */;
/*!40014 SET @OLD_FOREIGN_KEY_CHECKS=@@FOREIGN_KEY_CHECKS, FOREIGN_KEY_CHECKS=0 */;
/*!40101 SET @OLD_SQL_MODE=@@SQL_MODE, SQL_MODE='NO_AUTO_VALUE_ON_ZERO' */;
/*!40111 SET @OLD_SQL_NOTES=@@SQL_NOTES, SQL_NOTES=0 */;

--
-- Table structure for table `change_date`
--

DROP TABLE IF EXISTS `change_date`;
/*!40101 SET @saved_cs_client     = @@character_set_client */;
/*!40101 SET character_set_client = utf8 */;
CREATE TABLE `change_date` (
  `id` int(11) NOT NULL AUTO_INCREMENT,
  `change_date` date DEFAULT NULL,
  PRIMARY KEY (`id`)
) ENGINE=InnoDB AUTO_INCREMENT=141 DEFAULT CHARSET=latin1;
/*!40101 SET character_set_client = @saved_cs_client */;

--
-- Dumping data for table `change_date`
--

LOCK TABLES `change_date` WRITE;
/*!40000 ALTER TABLE `change_date` DISABLE KEYS */;
INSERT INTO `change_date` VALUES (1,'1910-05-06'),(2,'1914-08-09'),(3,'1919-01-18'),(4,'1923-02-23'),(5,'1926-04-21'),(6,'1929-09-23'),(7,'1930-06-09'),(8,'1930-08-21'),(9,'1931-01-05'),(10,'1932-02-12'),(11,'1935-10-09'),(12,'1935-12-04'),(13,'1936-01-20'),(14,'1936-12-11'),(15,'1936-12-25'),(16,'1937-02-21'),(17,'1938-11-21'),(18,'1941-12-18'),(19,'1942-07-04'),(20,'1942-08-26'),(21,'1943-04-27'),(22,'1944-08-26'),(23,'1945-12-15'),(24,'1948-11-14'),(25,'1950-08-15'),(26,'1950-10-21'),(27,'1952-02-06'),(28,'1953-10-05'),(29,'1954-08-23'),(30,'1955-02-14'),(31,'1957-02-27'),(32,'1959-02-27'),(33,'1959-06-20'),(34,'1960-02-19'),(35,'1961-03-03'),(36,'1961-11-03'),(37,'1962-06-26'),(38,'1964-02-29'),(39,'1964-03-10'),(40,'1964-04-28'),(41,'1964-05-01'),(42,'1965-03-26'),(43,'1966-07-31'),(44,'1970-07-25'),(45,'1972-08-29'),(46,'1974-06-11'),(47,'1974-10-24'),(48,'1977-11-15'),(49,'1977-11-19'),(50,'1979-04-06'),(51,'1980-03-01'),(52,'1981-04-23'),(53,'1981-05-15'),(54,'1982-06-21'),(55,'1984-09-15'),(56,'1988-08-08'),(57,'1990-03-23'),(58,'1996-07-28'),(59,'1999-02-05'),(60,'1999-07-01'),(61,'2002-02-10'),(62,'2002-05-14'),(63,'2003-11-08'),(64,'2007-03-12'),(65,'2007-12-17'),(66,'2010-12-29'),(67,'2012-03-29'),(68,'2013-07-22'),(69,'2014-01-17'),(70,'2015-05-02');
/*!40000 ALTER TABLE `change_date` ENABLE KEYS */;
UNLOCK TABLES;

--
-- Table structure for table `exclusion`
--

DROP TABLE IF EXISTS `exclusion`;
/*!40101 SET @saved_cs_client     = @@character_set_client */;
/*!40101 SET character_set_client = utf8 */;
CREATE TABLE `exclusion` (
  `id` int(11) NOT NULL AUTO_INCREMENT,
  `start` date DEFAULT NULL,
  `end` date DEFAULT NULL,
  `person_id` int(11) NOT NULL,
  `reason` enum('i','c','mc') NOT NULL,
  PRIMARY KEY (`id`),
  KEY `person_id` (`person_id`),
  CONSTRAINT `exclusion_ibfk_1` FOREIGN KEY (`person_id`) REFERENCES `person` (`id`)
) ENGINE=InnoDB AUTO_INCREMENT=4 DEFAULT CHARSET=utf8mb4;
/*!40101 SET character_set_client = @saved_cs_client */;

--
-- Dumping data for table `exclusion`
--

LOCK TABLES `exclusion` WRITE;
/*!40000 ALTER TABLE `exclusion` DISABLE KEYS */;
INSERT INTO `exclusion` VALUES (1,'1978-06-30','2015-03-25',42,'mc'),(2,'1988-01-09','2015-03-25',43,'mc'),(3,'1982-04-14','2015-03-25',154,'mc');
/*!40000 ALTER TABLE `exclusion` ENABLE KEYS */;
UNLOCK TABLES;

--
-- Table structure for table `person`
--

DROP TABLE IF EXISTS `person`;
/*!40101 SET @saved_cs_client     = @@character_set_client */;
/*!40101 SET character_set_client = utf8 */;
CREATE TABLE `person` (
  `id` int(11) NOT NULL AUTO_INCREMENT,
  `born` date NOT NULL,
  `died` date DEFAULT NULL,
  `parent` int(11) DEFAULT NULL,
  `family_order` int(11) DEFAULT NULL,
  `sex` enum('m','f') NOT NULL DEFAULT 'm',
  `wikipedia` text,
  `slug` varchar(100) DEFAULT NULL,
  PRIMARY KEY (`id`),
  KEY `parent` (`parent`),
  CONSTRAINT `person_ibfk_1` FOREIGN KEY (`parent`) REFERENCES `person` (`id`)
) ENGINE=InnoDB AUTO_INCREMENT=180 DEFAULT CHARSET=utf8mb4;
/*!40101 SET character_set_client = @saved_cs_client */;

--
-- Dumping data for table `person`
--

LOCK TABLES `person` WRITE;
/*!40000 ALTER TABLE `person` DISABLE KEYS */;
INSERT INTO `person` VALUES (1,'1895-12-14','1952-02-06',21,2,'m',NULL,NULL),(2,'1926-04-21',NULL,1,1,'f',NULL,NULL),(3,'1948-11-14',NULL,2,1,'m',NULL,NULL),(4,'1950-08-15',NULL,2,4,'f',NULL,NULL),(5,'1960-02-19',NULL,2,2,'m',NULL,NULL),(6,'1964-03-10',NULL,2,3,'m',NULL,NULL),(7,'1977-11-15',NULL,4,1,'m',NULL,NULL),(8,'1981-05-15',NULL,4,2,'f',NULL,NULL),(9,'1982-06-21',NULL,3,1,'m',NULL,NULL),(10,'1984-09-15',NULL,3,2,'m',NULL,NULL),(11,'1988-08-08',NULL,5,1,'f',NULL,NULL),(12,'1990-03-23',NULL,5,2,'f',NULL,NULL),(13,'2003-11-08',NULL,6,2,'f',NULL,NULL),(14,'2007-12-17',NULL,6,1,'m',NULL,NULL),(15,'2010-12-29',NULL,7,1,'f',NULL,NULL),(16,'2012-03-29',NULL,7,2,'f',NULL,NULL),(17,'2013-07-22',NULL,9,1,'m',NULL,NULL),(18,'2014-01-17',NULL,8,1,'f',NULL,NULL),(19,'2015-05-02',NULL,9,2,'f',NULL,NULL),(20,'1930-08-21','2002-02-09',1,2,'f',NULL,NULL),(21,'1865-06-03','1936-01-20',65,2,'m',NULL,NULL),(22,'1894-06-23','1972-05-28',21,1,'m',NULL,NULL),(23,'1900-03-31','1974-06-10',21,3,'m',NULL,NULL),(24,'1902-12-20','1942-08-25',21,4,'m',NULL,NULL),(25,'1905-07-12','1919-01-18',21,5,'m',NULL,NULL),(26,'1897-04-25','1965-03-25',21,6,'f',NULL,NULL),(27,'1961-11-03',NULL,20,1,'m',NULL,NULL),(28,'1964-05-01',NULL,20,2,'f',NULL,NULL),(29,'1999-07-01',NULL,27,1,'m',NULL,NULL),(30,'2002-05-14',NULL,27,2,'f',NULL,NULL),(31,'1996-07-28',NULL,28,1,'m',NULL,NULL),(32,'1999-02-05',NULL,28,2,'m',NULL,NULL),(33,'1923-02-23','2011-07-11',26,1,'m',NULL,NULL),(34,'1950-10-21',NULL,33,1,'m',NULL,NULL),(35,'1953-10-05',NULL,33,2,'m',NULL,NULL),(36,'1955-02-14',NULL,33,3,'m',NULL,NULL),(37,'1941-12-18','1972-08-28',23,1,'m',NULL,NULL),(38,'1944-08-26',NULL,23,2,'m',NULL,NULL),(40,'1935-10-09',NULL,24,1,'m',NULL,NULL),(41,'1936-12-25',NULL,24,3,'f',NULL,NULL),(42,'1942-07-04',NULL,24,2,'m',NULL,NULL),(43,'1962-06-26',NULL,40,1,'m',NULL,NULL),(44,'1964-04-28',NULL,40,3,'f',NULL,NULL),(45,'1970-07-25',NULL,40,2,'m',NULL,NULL),(46,'1964-02-29',NULL,41,1,'m',NULL,NULL),(47,'1966-07-31',NULL,41,2,'f',NULL,NULL),(48,'1979-04-06',NULL,42,1,'m',NULL,NULL),(49,'1981-04-23',NULL,42,2,'f',NULL,NULL),(50,'1974-10-24',NULL,38,1,'m',NULL,NULL),(51,'1977-11-19',NULL,38,2,'f',NULL,NULL),(52,'1980-03-01',NULL,38,3,'f',NULL,NULL),(53,'2007-03-12',NULL,50,1,'m',NULL,NULL),(54,'2010-05-20',NULL,50,2,'f',NULL,NULL),(55,'2010-06-22',NULL,51,1,'f',NULL,NULL),(56,'2012-05-25',NULL,51,2,'m',NULL,NULL),(57,'2010-05-30',NULL,52,1,'f',NULL,NULL),(58,'2012-10-30',NULL,52,2,'m',NULL,NULL),(59,'1994-08-06',NULL,44,1,'m',NULL,NULL),(60,'1996-12-26',NULL,44,2,'m',NULL,NULL),(61,'2003-03-02',NULL,44,3,'f',NULL,NULL),(62,'2004-12-21',NULL,44,4,'f',NULL,NULL),(63,'2013-08-15',NULL,48,1,'f',NULL,NULL),(64,'2016-01-16',NULL,48,2,'f',NULL,NULL),(65,'1841-11-09','1910-05-06',NULL,1,'m',NULL,NULL),(66,'1864-01-08','1892-01-14',65,1,'m',NULL,NULL),(67,'1871-04-06','1871-04-07',65,3,'m',NULL,NULL),(68,'1867-02-20','1931-01-04',65,4,'f',NULL,NULL),(69,'1868-07-06','1935-12-03',65,5,'f',NULL,NULL),(70,'1869-11-26','1938-11-20',65,6,'f',NULL,NULL),(141,'1890-06-16','1890-06-16',68,1,'m',NULL,NULL),(142,'1891-05-17','1959-02-26',68,2,'f',NULL,NULL),(143,'1914-08-09','1943-04-26',142,1,'m',NULL,NULL),(144,'1893-04-03','1945-12-14',68,3,'f',NULL,NULL),(145,'1929-09-23','2015-06-22',144,1,'m',NULL,NULL),(146,'1959-06-20',NULL,145,1,'f',NULL,NULL),(147,'2001-12-24',NULL,146,1,'f',NULL,NULL),(148,'1961-03-03',NULL,145,1,'m',NULL,NULL),(149,'1989-07-01',NULL,148,1,'m',NULL,NULL),(150,'1991-03-23',NULL,148,2,'m',NULL,NULL),(151,'1993-06-10',NULL,148,3,'m',NULL,NULL),(152,'1903-07-02','1991-01-17',70,1,'m',NULL,NULL),(153,'1930-06-09','2012-09-16',152,2,'f',NULL,NULL),(154,'1954-08-23',NULL,153,1,'m',NULL,NULL),(155,'1957-02-27',NULL,153,2,'f',NULL,NULL),(156,'1968-05-08',NULL,153,3,'f',NULL,NULL),(157,'1932-02-12',NULL,152,3,'f',NULL,NULL),(158,'1962-07-22',NULL,157,1,'f',NULL,NULL),(159,'1990-05-09',NULL,158,1,'m',NULL,NULL),(160,'1993-03-07',NULL,158,2,'f',NULL,NULL),(161,'1963-09-27',NULL,157,1,'m',NULL,NULL),(162,'1965-03-15',NULL,157,2,'m',NULL,NULL),(163,'1996-03-28',NULL,162,1,'m',NULL,NULL),(164,'1998-04-23',NULL,162,2,'f',NULL,NULL),(165,'1969-03-30',NULL,157,1,'f',NULL,NULL),(166,'1999-04-25',NULL,165,1,'m',NULL,NULL),(167,'1972-10-22',NULL,157,1,'m',NULL,NULL),(168,'1937-02-21',NULL,152,1,'m',NULL,NULL),(169,'1971-09-22',NULL,168,1,'f',NULL,NULL),(170,'2003-04-29',NULL,169,1,'f',NULL,NULL),(171,'2005-04-08',NULL,169,2,'f',NULL,NULL),(172,'2008-09-29',NULL,169,3,'f',NULL,NULL),(173,'1973-07-20',NULL,168,1,'m',NULL,NULL),(174,'2004-01-21',NULL,173,1,'f',NULL,NULL),(175,'2005-12-03',NULL,173,2,'f',NULL,NULL),(176,'1924-08-21','1998-02-27',26,2,'m',NULL,NULL),(177,'1953-05-19',NULL,176,1,'m',NULL,NULL),(178,'1991-12-19',NULL,177,1,'m',NULL,NULL),(179,'1964-07-04',NULL,33,4,'m',NULL,NULL);
/*!40000 ALTER TABLE `person` ENABLE KEYS */;
UNLOCK TABLES;

--
-- Table structure for table `sovereign`
--

DROP TABLE IF EXISTS `sovereign`;
/*!40101 SET @saved_cs_client     = @@character_set_client */;
/*!40101 SET character_set_client = utf8 */;
CREATE TABLE `sovereign` (
  `id` int(11) NOT NULL AUTO_INCREMENT,
  `start` date NOT NULL,
  `end` date DEFAULT NULL,
  `person_id` int(11) NOT NULL,
  PRIMARY KEY (`id`),
  KEY `person_id` (`person_id`),
  CONSTRAINT `sovereign_ibfk_1` FOREIGN KEY (`person_id`) REFERENCES `person` (`id`)
) ENGINE=InnoDB AUTO_INCREMENT=6 DEFAULT CHARSET=utf8mb4;
/*!40101 SET character_set_client = @saved_cs_client */;

--
-- Dumping data for table `sovereign`
--

LOCK TABLES `sovereign` WRITE;
/*!40000 ALTER TABLE `sovereign` DISABLE KEYS */;
INSERT INTO `sovereign` VALUES (1,'1936-12-11','1952-02-05',1),(2,'1952-02-06',NULL,2),(3,'1936-01-20','1936-12-10',22),(4,'1910-05-06','1936-01-19',21),(5,'1901-01-22','1910-05-05',65);
/*!40000 ALTER TABLE `sovereign` ENABLE KEYS */;
UNLOCK TABLES;

--
-- Table structure for table `title`
--

DROP TABLE IF EXISTS `title`;
/*!40101 SET @saved_cs_client     = @@character_set_client */;
/*!40101 SET character_set_client = utf8 */;
CREATE TABLE `title` (
  `id` int(11) NOT NULL AUTO_INCREMENT,
  `title` varchar(255) DEFAULT NULL,
  `start` date DEFAULT NULL,
  `end` date DEFAULT NULL,
  `person_id` int(11) NOT NULL,
  `is_default` smallint(6) NOT NULL DEFAULT '0',
  PRIMARY KEY (`id`),
  KEY `person_id` (`person_id`),
  CONSTRAINT `title_ibfk_1` FOREIGN KEY (`person_id`) REFERENCES `person` (`id`)
) ENGINE=InnoDB AUTO_INCREMENT=495 DEFAULT CHARSET=utf8mb4;
/*!40101 SET character_set_client = @saved_cs_client */;

--
-- Dumping data for table `title`
--

LOCK TABLES `title` WRITE;
/*!40000 ALTER TABLE `title` DISABLE KEYS */;
INSERT INTO `title` VALUES (1,'King George VI','1936-12-11',NULL,1,1),(2,'Queen Elizabeth II','1952-02-06',NULL,2,1),(21,'King George V','1910-05-06',NULL,21,1),(22,'King Edward VIII','1936-01-20','1936-12-11',22,1),(25,'Prince John',NULL,NULL,25,1),(54,'Senna Lewis',NULL,NULL,55,1),(55,'Tāne Lewis',NULL,NULL,56,1),(56,'Lyla Gilman',NULL,NULL,57,1),(57,'Rufus Gilman',NULL,NULL,58,1),(58,'Columbus Taylor',NULL,NULL,59,1),(59,'Cassius Taylor',NULL,NULL,60,1),(60,'Eloise Taylor',NULL,NULL,61,1),(61,'Estella Taylor',NULL,NULL,62,1),(62,'Maud Windsor',NULL,NULL,63,1),(63,'Isabella Windsor',NULL,NULL,64,1),(64,'King Edward VII','1901-01-22',NULL,65,1),(65,'Prince Albert Victor, Duke of Clarence and Avondale',NULL,NULL,66,1),(66,'Prince Alexander John',NULL,NULL,67,1),(67,'Louise, Princess Royal',NULL,NULL,68,1),(68,'Princess Victora',NULL,NULL,69,1),(69,'Maud, Queen of Norway',NULL,NULL,70,1),(128,'The Princess Elizabeth, Duchess of Edinburgh','1947-11-20','1952-02-05',2,0),(129,'The Princess Elizabeth','1936-12-11','1947-11-19',2,0),(130,'Princess Elizabeth of York','1926-04-21','1936-12-10',2,0),(201,'Alastair Duff, Marquess of Macduff','1890-06-16','1890-06-16',141,1),(202,'Princess Arthur of Connaught, Duchess of Fife','1891-05-17','1959-02-26',142,1),(203,'Alastair Windsor, 2nd Duke of Connaught and Strathearn','1914-08-09','1943-04-26',143,1),(204,'Princess Maud, Countess of Southesk','1893-04-03','1945-12-14',144,1),(205,'James Carnegie, 3rd Duke of Fife','1929-09-23','2015-06-22',145,1),(206,'Lady Alexandra Clare Carnegie','1959-06-20',NULL,146,1),(207,'Amelia Mary Carnegie Etherington','2001-12-24',NULL,147,1),(208,'David Carnegie, 4th Duke of Fife','1961-03-03',NULL,148,1),(209,'Charles Duff Carnegie, Earl of Southesk','1989-07-01',NULL,149,1),(210,'Lord George William Carnegie','1991-03-23',NULL,150,1),(211,'Lord Hugh Alexander Carnegie','1993-06-10',NULL,151,1),(212,'Olaf V, King of Norway','1903-07-02','1991-01-17',152,1),(213,'Princess Ragnhild of Norway','1930-06-09','2012-09-16',153,1),(214,'Haakon Lorentzen','1954-08-23',NULL,154,1),(215,'Ingeborg Lorentzen','1957-02-27',NULL,155,1),(216,'Ragnhild Lorentzen','1968-05-08',NULL,156,1),(217,'Princess Astrid of Norway','1932-02-12',NULL,157,1),(218,'Cathrine Ferner','1962-07-22',NULL,158,1),(219,'Sebastian Ferner Johansen','1990-05-09',NULL,159,1),(220,'F Madeleine Ferner Johansen','1993-03-07',NULL,160,1),(221,'Benedikte Ferner','1963-09-27',NULL,161,1),(222,'Alexander Ferner','1965-03-15',NULL,162,1),(223,'Edward Ferner','1996-03-28',NULL,163,1),(224,'Stella Ferner','1998-04-23',NULL,164,1),(225,'Elisabeth Ferner','1969-03-30',NULL,165,1),(226,'Benjamin Ferner Beckmann','1999-04-25',NULL,166,1),(227,'Carl-Christian Ferner','1972-10-22',NULL,167,1),(228,'Harald V, King of Norway','1937-02-21',NULL,168,1),(229,'Princess Märtha Louise','1971-09-22',NULL,169,1),(230,'Maud Angelica Behn','2003-04-29',NULL,170,1),(231,'Leah Isadora Behn','2005-04-08',NULL,171,1),(232,'Emma Tallulah Behn','2008-09-29',NULL,172,1),(233,'Crown Prince Haakon Magnus','1973-07-20',NULL,173,1),(234,'Princess Ingrid Alexandra','2004-01-21',NULL,174,1),(235,'Prince Sverre Magnus','2005-12-03',NULL,175,1),(236,'Prince Albert, The Prince of Wales','1841-12-08','1901-01-21',65,0),(237,'Prince Albert, The Duke of Cornwall',NULL,'1841-12-07',65,0),(238,'Prince George, The Prince of Wales','1901-11-09','1910-05-05',21,0),(239,'Prince George, The Duke of Cornwall and York','1901-01-22','1910-11-08',21,0),(240,'Prince George, The Duke of York','1892-05-24','1901-01-21',21,0),(241,'Prince George of Wales',NULL,'1892-05-23',21,0),(242,'Prince Edward','1936-12-12','1937-03-08',22,0),(243,'Prince Edward, Duke of Windsor','1937-03-09',NULL,22,0),(244,'Prince Edward, The Prince of Wales','1910-06-23','1936-01-19',22,0),(245,'Prince Edward, Duke of Cornwall','1910-05-06','1910-06-22',22,0),(246,'Prince Edward of Wales','1901-11-09','1910-06-05',22,0),(247,'Prince Edward of Cornwall and York','1901-01-22','1910-11-08',22,0),(248,'Prince Edward of York','1898-05-28','1901-01-21',22,0),(249,'Prince Edward of York',NULL,'1898-05-28',22,0),(250,'Prince Albert, Duke of York','1920-06-04','1936-12-10',1,0),(251,'Prince Albert','1910-05-06','1920-06-03',1,0),(252,'Prince Albert of Wales','1901-11-09','1910-05-05',1,0),(253,'Prince Albert of Cornwall and York','1901-01-22','1901-11-08',1,0),(254,'Prince Albert of York',NULL,'1901-01-21',1,0),(257,'Maximilian John Gerald Lascelles',NULL,NULL,178,1),(334,'Prince Charles of Edinburgh',NULL,'1952-02-05',3,0),(335,'The Prince Charles, Duke of Cornwall','1952-02-06','1958-07-25',3,0),(336,'The Prince Charles, Prince of Wales','1958-07-26',NULL,3,1),(337,'Prince William of Wales',NULL,'2011-04-28',9,0),(338,'Prince William, Duke of Cambridge','2011-04-29',NULL,9,1),(339,'Prince George of Cambridge',NULL,NULL,17,1),(340,'Princess Charlotte of Cambridge',NULL,NULL,19,1),(341,'Prince Henry of Wales',NULL,NULL,10,1),(342,'Princess Anne of Edinburgh',NULL,'1952-02-05',4,0),(343,'The Princess Anne','1952-02-06','1987-06-12',4,0),(344,'The Princess Anne, Princess Royal','1987-06-13',NULL,4,1),(345,'Peter Phillips',NULL,NULL,7,1),(346,'Savannah Phillips',NULL,NULL,15,1),(347,'Isla Phillips',NULL,NULL,16,1),(348,'Zara Phillips',NULL,'2011-07-29',8,0),(349,'Zara Tindall','2011-07-30',NULL,8,1),(350,'Mia Tindall',NULL,NULL,18,1),(351,'The Prince Andrew',NULL,'1986-07-22',5,0),(352,'The Prince Andrew, Duke of York','1986-07-23',NULL,5,1),(353,'Princess Beatrice of York',NULL,NULL,11,1),(354,'Princess Eugenie of York',NULL,NULL,12,1),(355,'The Prince Edward',NULL,'1999-06-18',6,0),(356,'The Prince Edward, Earl of Wessex','1999-06-19',NULL,6,1),(357,'Lady Louise Windsor',NULL,NULL,13,1),(358,'James, Viscount Severn',NULL,NULL,14,1),(359,'Princess Margaret of York',NULL,'1936-12-10',20,0),(360,'The Princess Margaret','1936-12-11','1961-10-05',20,0),(361,'The Princess Margaret, Countess of Snowdon','1961-10-06',NULL,20,1),(362,'David Armstrong-Jones, Viscount Linley',NULL,'2017-01-12',27,0),(363,'David Armstrong-Jones, Earl of Snowdon','2017-01-13',NULL,27,1),(364,'Charles Armstrong-Jones',NULL,'2017-01-12',29,0),(365,'Charles Armstrong-Jones, Viscount Linley','2017-01-13',NULL,29,1),(366,'Margarita Armstrong-Jones',NULL,'2017-01-12',30,0),(367,'Lady Margarita Armstrong-Jones','2017-01-13',NULL,30,1),(368,'Lady Sarah Armstrong-Jones',NULL,'1994-07-13',28,0),(369,'Lady Sarah Chatto','1994-07-14',NULL,28,1),(370,'Samuel Chatto',NULL,NULL,31,1),(371,'Arthur Chatto',NULL,NULL,32,1),(446,'Princess Mary of York',NULL,'1901-01-21',26,0),(447,'Princess Mary of Cornwall and York','1901-01-22','1901-11-08',26,0),(448,'Princess Mary of Wales','1901-11-09','1910-05-05',26,0),(449,'The Princess Mary','1910-05-06','1922-02-27',26,0),(450,'The Princess Mary, Viscountess Lascelles','1922-02-28','1929-10-05',26,0),(451,'The Princess Mary, Countess of Harewood','1929-10-06','1931-12-31',26,0),(452,'The Princess Mary, Princess Royal','1932-01-01',NULL,26,1),(453,'George Lascelles',NULL,'1929-10-05',33,0),(454,'George Lascelles, Viscount Lascelles','1929-10-06','1947-05-23',33,0),(455,'George Lascelles, The 7th Earl of Harewood','1947-05-24',NULL,33,1),(456,'David Lascelles, Viscount Lascelles',NULL,'2011-07-10',34,0),(457,'David Lascelles, the 8th Earl of Harewood','2011-07-11',NULL,34,1),(458,'James Lascelles',NULL,NULL,35,1),(459,'Jeremy Lascelles',NULL,NULL,36,1),(460,'Mark Lascelles',NULL,NULL,179,1),(461,'Gerald Lascelles',NULL,NULL,176,1),(462,'Henry Lascelles',NULL,NULL,177,1),(463,'Prince Henry of York',NULL,'1901-01-21',23,0),(464,'Prince Henry of Cornwall and York','1901-01-22','1901-11-08',23,0),(465,'Prince Henry of Wales','1901-11-09','1910-05-05',23,0),(466,'The Prince Henry','1910-05-06','1928-03-30',23,0),(467,'The Prince Henry, Duke of Gloucester','1928-03-31',NULL,23,1),(468,'Prince William of Gloucester',NULL,NULL,37,1),(469,'Prince Richard of Gloucester',NULL,'1974-06-09',38,0),(470,'Prince Richard, The Duke of Gloucester','1974-06-10',NULL,38,1),(471,'Alexander Windsor, Earl of Ulster',NULL,NULL,50,1),(472,'Xan Windsor, Lord Culloden',NULL,NULL,53,1),(473,'Lady Cosima Windsor',NULL,NULL,54,1),(474,'Lady Davina Windsor',NULL,'2004-07-30',51,0),(475,'Lady Davina Lewis','2004-07-31',NULL,51,1),(476,'Lady Rose Windsor',NULL,'2008-07-18',52,0),(477,'Lady Rose Gilman','2009-07-19',NULL,52,1),(478,'Prince George of Wales',NULL,'1910-05-05',24,0),(479,'The Prince George','1910-05-06','1934-10-11',24,0),(480,'The Prince George, Duke of Kent','1934-10-12',NULL,24,1),(481,'Prince Edward of Kent',NULL,'1942-08-24',40,0),(482,'Prince Edward, Duke of Kent','1942-08-25',NULL,40,1),(483,'George Windsor, Earl of St Andrews',NULL,NULL,43,1),(484,'Lady Helen Windsor',NULL,'1992-07-17',44,0),(485,'Lady Helen Taylor','1992-07-18',NULL,44,1),(486,'Lord Nicholas Windsor',NULL,NULL,45,1),(487,'Princess Alexandra of Kent',NULL,'1988-12-30',41,0),(488,'Princess Alexandra, Lady Ogilvy','1988-12-31',NULL,41,1),(489,'James Ogilvy',NULL,NULL,46,1),(490,'Marina Ogilvy',NULL,'1990-02-01',47,0),(491,'Marina Mowatt','1990-02-02',NULL,47,1),(492,'Prince Michael of Kent',NULL,NULL,42,1),(493,'Lord Frederick Windsor',NULL,NULL,48,1),(494,'Lady Gabriella Windsor',NULL,NULL,49,1);
/*!40000 ALTER TABLE `title` ENABLE KEYS */;
UNLOCK TABLES;
/*!40103 SET TIME_ZONE=@OLD_TIME_ZONE */;

/*!40101 SET SQL_MODE=@OLD_SQL_MODE */;
/*!40014 SET FOREIGN_KEY_CHECKS=@OLD_FOREIGN_KEY_CHECKS */;
/*!40014 SET UNIQUE_CHECKS=@OLD_UNIQUE_CHECKS */;
/*!40101 SET CHARACTER_SET_CLIENT=@OLD_CHARACTER_SET_CLIENT */;
/*!40101 SET CHARACTER_SET_RESULTS=@OLD_CHARACTER_SET_RESULTS */;
/*!40101 SET COLLATION_CONNECTION=@OLD_COLLATION_CONNECTION */;
/*!40111 SET SQL_NOTES=@OLD_SQL_NOTES */;

-- Dump completed on 2018-01-25  9:45:33
