-- MySQL dump 10.16  Distrib 10.2.9-MariaDB, for Linux (x86_64)
--
-- Host: localhost    Database: succession
-- ------------------------------------------------------
-- Server version	10.2.9-MariaDB

/*!40101 SET @OLD_CHARACTER_SET_CLIENT=@@CHARACTER_SET_CLIENT */;
/*!40101 SET @OLD_CHARACTER_SET_RESULTS=@@CHARACTER_SET_RESULTS */;
/*!40101 SET @OLD_COLLATION_CONNECTION=@@COLLATION_CONNECTION */;
/*!40101 SET NAMES utf8 */;
/*!40103 SET @OLD_TIME_ZONE=@@TIME_ZONE */;
/*!40103 SET TIME_ZONE='+00:00' */;
/*!40014 SET @OLD_UNIQUE_CHECKS=@@UNIQUE_CHECKS, UNIQUE_CHECKS=0 */;
/*!40014 SET @OLD_FOREIGN_KEY_CHECKS=@@FOREIGN_KEY_CHECKS, FOREIGN_KEY_CHECKS=0 */;
/*!40101 SET @OLD_SQL_MODE=@@SQL_MODE, SQL_MODE='NO_AUTO_VALUE_ON_ZERO' */;
/*!40111 SET @OLD_SQL_NOTES=@@SQL_NOTES, SQL_NOTES=0 */;

--
-- Table structure for table `person`
--

DROP TABLE IF EXISTS `person`;
/*!40101 SET @saved_cs_client     = @@character_set_client */;
/*!40101 SET character_set_client = utf8 */;
CREATE TABLE `person` (
  `id` int(11) NOT NULL AUTO_INCREMENT,
  `born` date NOT NULL,
  `died` date DEFAULT NULL,
  `parent` int(11) DEFAULT NULL,
  `family_order` int(11) DEFAULT NULL,
  PRIMARY KEY (`id`),
  KEY `parent` (`parent`),
  CONSTRAINT `person_ibfk_1` FOREIGN KEY (`parent`) REFERENCES `person` (`id`)
) ENGINE=InnoDB AUTO_INCREMENT=176 DEFAULT CHARSET=utf8mb4;
/*!40101 SET character_set_client = @saved_cs_client */;

--
-- Dumping data for table `person`
--

LOCK TABLES `person` WRITE;
/*!40000 ALTER TABLE `person` DISABLE KEYS */;
INSERT INTO `person` VALUES (1,'1895-12-14','1952-02-06',21,2),(2,'1926-04-21',NULL,1,1),(3,'1948-11-14',NULL,2,1),(4,'1950-08-15',NULL,2,4),(5,'1960-02-19',NULL,2,2),(6,'1964-03-10',NULL,2,3),(7,'1977-11-15',NULL,4,1),(8,'1981-05-15',NULL,4,2),(9,'1982-06-21',NULL,3,1),(10,'1984-09-15',NULL,3,2),(11,'1988-08-08',NULL,5,1),(12,'1990-03-23',NULL,5,2),(13,'2003-11-08',NULL,6,2),(14,'2007-12-17',NULL,6,1),(15,'2010-12-29',NULL,7,1),(16,'2012-03-29',NULL,7,2),(17,'2013-07-22',NULL,9,1),(18,'2014-01-17',NULL,8,1),(19,'2015-05-02',NULL,9,2),(20,'1930-08-21','2002-02-09',1,2),(21,'1865-06-03','1936-01-20',65,2),(22,'1894-06-23','1972-05-28',21,1),(23,'1900-03-31','1974-06-10',21,3),(24,'1902-12-20','1942-08-25',21,4),(25,'1905-07-12','1919-01-25',21,5),(26,'1897-04-25','1965-03-25',21,6),(27,'1961-11-03',NULL,20,1),(28,'1964-05-01',NULL,20,2),(29,'1999-07-01',NULL,27,1),(30,'2002-05-14',NULL,27,2),(31,'1996-07-28',NULL,28,1),(32,'1999-02-05',NULL,28,2),(33,'1923-02-23','2011-07-11',26,1),(34,'1950-10-21',NULL,33,1),(35,'1953-10-05',NULL,33,2),(36,'1955-02-14',NULL,33,3),(37,'1941-12-18','1972-08-28',23,1),(38,'1944-08-26',NULL,23,2),(40,'1935-10-09',NULL,24,1),(41,'1936-12-25',NULL,24,3),(42,'1942-07-04',NULL,24,2),(43,'1962-06-26',NULL,40,1),(44,'1964-04-28',NULL,40,3),(45,'1970-07-25',NULL,40,2),(46,'1964-02-29',NULL,41,1),(47,'1966-07-31',NULL,41,2),(48,'1979-04-06',NULL,42,1),(49,'1981-04-23',NULL,42,2),(50,'1974-10-24',NULL,38,1),(51,'1977-11-19',NULL,38,2),(52,'1980-03-01',NULL,38,3),(53,'2007-03-12',NULL,50,1),(54,'2010-05-20',NULL,50,2),(55,'2010-06-22',NULL,51,1),(56,'2012-05-25',NULL,51,2),(57,'2010-05-30',NULL,52,1),(58,'2012-10-30',NULL,52,2),(59,'1994-08-06',NULL,44,1),(60,'1996-12-26',NULL,44,2),(61,'2003-03-02',NULL,44,3),(62,'2004-12-21',NULL,44,4),(63,'2013-08-15',NULL,48,1),(64,'2016-01-16',NULL,48,2),(65,'1841-11-09','1910-05-06',NULL,1),(66,'1864-01-08','1892-01-14',65,1),(67,'1871-04-06','1871-04-07',65,3),(68,'1867-02-20','1931-01-04',65,4),(69,'1868-07-06','1935-12-03',65,5),(70,'1869-11-26','1938-11-20',65,6),(141,'1890-06-16','1890-06-16',68,1),(142,'1891-05-17','1959-02-26',68,2),(143,'1914-08-09','1943-04-26',142,1),(144,'1893-04-03','1945-12-14',68,1),(145,'1929-09-23','2015-06-22',144,1),(146,'1959-06-20',NULL,145,1),(147,'2001-12-24',NULL,146,1),(148,'1961-03-03',NULL,145,1),(149,'1989-07-01',NULL,148,1),(150,'1991-03-23',NULL,148,2),(151,'1993-06-10',NULL,148,3),(152,'1903-07-02','1991-01-17',70,1),(153,'1930-06-09','2012-09-16',152,1),(154,'1954-08-23',NULL,153,1),(155,'1957-02-27',NULL,153,2),(156,'1968-05-08',NULL,153,3),(157,'1932-02-12',NULL,152,1),(158,'1962-07-22',NULL,157,1),(159,'1990-05-09',NULL,158,1),(160,'1993-03-07',NULL,158,2),(161,'1963-09-27',NULL,157,1),(162,'1965-03-15',NULL,157,2),(163,'1996-03-28',NULL,162,1),(164,'1998-04-23',NULL,162,2),(165,'1969-03-30',NULL,157,1),(166,'1999-04-25',NULL,165,1),(167,'1972-10-22',NULL,157,1),(168,'1937-02-21',NULL,152,1),(169,'1971-09-22',NULL,168,1),(170,'2003-04-29',NULL,169,1),(171,'2005-04-08',NULL,169,2),(172,'2008-09-29',NULL,169,3),(173,'1973-07-20',NULL,168,1),(174,'2004-01-21',NULL,173,1),(175,'2005-12-03',NULL,173,2);
/*!40000 ALTER TABLE `person` ENABLE KEYS */;
UNLOCK TABLES;

--
-- Table structure for table `sovereign`
--

DROP TABLE IF EXISTS `sovereign`;
/*!40101 SET @saved_cs_client     = @@character_set_client */;
/*!40101 SET character_set_client = utf8 */;
CREATE TABLE `sovereign` (
  `id` int(11) NOT NULL AUTO_INCREMENT,
  `start` date NOT NULL,
  `end` date DEFAULT NULL,
  `person_id` int(11) NOT NULL,
  PRIMARY KEY (`id`),
  KEY `person_id` (`person_id`),
  CONSTRAINT `sovereign_ibfk_1` FOREIGN KEY (`person_id`) REFERENCES `person` (`id`)
) ENGINE=InnoDB AUTO_INCREMENT=6 DEFAULT CHARSET=utf8mb4;
/*!40101 SET character_set_client = @saved_cs_client */;

--
-- Dumping data for table `sovereign`
--

LOCK TABLES `sovereign` WRITE;
/*!40000 ALTER TABLE `sovereign` DISABLE KEYS */;
INSERT INTO `sovereign` VALUES (1,'1936-12-11','1952-02-05',1),(2,'1952-02-06',NULL,2),(3,'1936-01-20','1936-12-10',22),(4,'1910-05-06','1936-01-19',21),(5,'1901-01-22','1910-05-05',65);
/*!40000 ALTER TABLE `sovereign` ENABLE KEYS */;
UNLOCK TABLES;

--
-- Table structure for table `title`
--

DROP TABLE IF EXISTS `title`;
/*!40101 SET @saved_cs_client     = @@character_set_client */;
/*!40101 SET character_set_client = utf8 */;
CREATE TABLE `title` (
  `id` int(11) NOT NULL AUTO_INCREMENT,
  `title` varchar(255) DEFAULT NULL,
  `start` date DEFAULT NULL,
  `end` date DEFAULT NULL,
  `person_id` int(11) NOT NULL,
  `is_default` smallint(6) NOT NULL DEFAULT 0,
  PRIMARY KEY (`id`),
  KEY `person_id` (`person_id`),
  CONSTRAINT `title_ibfk_1` FOREIGN KEY (`person_id`) REFERENCES `person` (`id`)
) ENGINE=InnoDB AUTO_INCREMENT=236 DEFAULT CHARSET=utf8mb4;
/*!40101 SET character_set_client = @saved_cs_client */;

--
-- Dumping data for table `title`
--

LOCK TABLES `title` WRITE;
/*!40000 ALTER TABLE `title` DISABLE KEYS */;
INSERT INTO `title` VALUES (1,'King George VI',NULL,NULL,1,1),(2,'Queen Elizabeth II','1952-02-06',NULL,2,1),(3,'Prince Charles, The Prince of Wales',NULL,NULL,3,1),(4,'Princess Anne, The Princess Royal',NULL,NULL,4,1),(5,'Prince Andrew, The Duke of York',NULL,NULL,5,1),(6,'Prince Edward, Earl of Wessex',NULL,NULL,6,1),(7,'Peter Phillips',NULL,NULL,7,1),(8,'Zara Tindall',NULL,NULL,8,1),(9,'Prince William, Duke of Cambridge',NULL,NULL,9,1),(10,'Prince Henry of Wales',NULL,NULL,10,1),(11,'Princess Beatrice of York',NULL,NULL,11,1),(12,'Princess Eugenie of York',NULL,NULL,12,1),(13,'Lady Louise Windsor',NULL,NULL,13,1),(14,'James, Viscount Severn',NULL,NULL,14,1),(15,'Savannah Phillips',NULL,NULL,15,1),(16,'Isla Phillips',NULL,NULL,16,1),(17,'Prince George of Cambridge',NULL,NULL,17,1),(18,'Mia Tindall',NULL,NULL,18,1),(19,'Princess Charlotte of Cambridge',NULL,NULL,19,1),(20,'Princess Margaret, Countess of Snowdon',NULL,NULL,20,1),(21,'King George V',NULL,NULL,21,1),(22,'King Edward VIII',NULL,NULL,22,1),(23,'Prince Henry, Duke of Gloucester',NULL,NULL,23,1),(24,'Prince George, Duke of Kent',NULL,NULL,24,1),(25,'Prince John',NULL,NULL,25,1),(26,'Mary, Princess Royal and Countess of Harewood',NULL,NULL,26,1),(27,'Viscount Linley',NULL,NULL,27,1),(28,'Lady Sarah Chatto',NULL,NULL,28,1),(29,'Charles Armstrong-Jones',NULL,NULL,29,1),(30,'Margarita Armstrong-Jones',NULL,NULL,30,1),(31,'Samuel Chatto',NULL,NULL,31,1),(32,'Arthur Chatto',NULL,NULL,32,1),(33,'George Lascalles, 7th Earl of Harewood',NULL,NULL,33,1),(34,'David Lascalles, 8th Earl of Harewood',NULL,NULL,34,1),(35,'James Lascalles',NULL,NULL,35,1),(36,'Jeremy Lascalles',NULL,NULL,36,1),(37,'Prince William of Gloucester',NULL,NULL,37,1),(38,'Prince Richard, Duke of Gloucester',NULL,NULL,38,1),(39,'Prince Edward, Duke of Kent',NULL,NULL,40,1),(40,'Princess Alexandra, The Hon. Lady Ogilvy',NULL,NULL,41,1),(41,'Prince Michael of Kent',NULL,NULL,42,1),(42,'George, Earl of St Andrews',NULL,NULL,43,1),(43,'Lady Helen Taylor',NULL,NULL,44,1),(44,'Lord Nicholas Windsor',NULL,NULL,45,1),(45,'James Ogilvy',NULL,NULL,46,1),(46,'Marina Ogilvy',NULL,NULL,47,1),(47,'Lord Frederick Windsor',NULL,NULL,48,1),(48,'Lady Gabriella Windsor',NULL,NULL,49,1),(49,'Alexander Windsor, Earl of Ulster',NULL,NULL,50,1),(50,'Lady Davina Lewis',NULL,NULL,51,1),(51,'Lady Rose Gilman',NULL,NULL,52,1),(52,'Xan Windsor, Lord Culloden',NULL,NULL,53,1),(53,'Lady Cosima Windsor',NULL,NULL,54,1),(54,'Senna Lewis',NULL,NULL,55,1),(55,'Tāne Lewis',NULL,NULL,56,1),(56,'Lyla Gilman',NULL,NULL,57,1),(57,'Rufus Gilman',NULL,NULL,58,1),(58,'Columbus Taylor',NULL,NULL,59,1),(59,'Cassius Taylor',NULL,NULL,60,1),(60,'Eloise Taylor',NULL,NULL,61,1),(61,'Estella Taylor',NULL,NULL,62,1),(62,'Maud Windsor',NULL,NULL,63,1),(63,'Isabella Windsor',NULL,NULL,64,1),(64,'King Edward VII',NULL,NULL,65,1),(65,'Prince Albert Victor, Duke of Clarence and Avondale',NULL,NULL,66,1),(66,'Prince Alexander John',NULL,NULL,67,1),(67,'Louise, Princess Royal',NULL,NULL,68,1),(68,'Princess Victora',NULL,NULL,69,1),(69,'Maud, Queen of Norway',NULL,NULL,70,1),(128,'The Princess Elizabeth, Duchess of Edinburgh','1947-11-20','1952-02-05',2,0),(129,'The Princess Elizabeth','1936-12-11','1947-11-19',2,0),(130,'Princess Elizabeth of York','1926-04-21','1936-12-10',2,0),(201,'Alastair Duff, Marquess of Macduff','1890-06-16','1890-06-16',141,1),(202,'Princess Arthur of Connaught, Duchess of Fife','1891-05-17','1959-02-26',142,1),(203,'Alastair Windsor, 2nd Duke of Connaught and Strathearn','1914-08-09','1943-04-26',143,1),(204,'Princess Maud, Countess of Southesk','1893-04-03','1945-12-14',144,1),(205,'James Carnegie, 3rd Duke of Fife','1929-09-23','2015-06-22',145,1),(206,'Lady Alexandra Clare Carnegie','1959-06-20',NULL,146,1),(207,'Amelia Mary Carnegie Etherington','2001-12-24',NULL,147,1),(208,'David Carnegie, 4th Duke of Fife','1961-03-03',NULL,148,1),(209,'Charles Duff Carnegie, Earl of Southesk','1989-07-01',NULL,149,1),(210,'Lord George William Carnegie','1991-03-23',NULL,150,1),(211,'Lord Hugh Alexander Carnegie','1993-06-10',NULL,151,1),(212,'Olaf V of Norway','1903-07-02','1991-01-17',152,1),(213,'Princess Ragnhild of Norway','1930-06-09','2012-09-16',153,1),(214,'Haakon Lorentzen','1954-08-23',NULL,154,1),(215,'Ingeborg Lorentzen','1957-02-27',NULL,155,1),(216,'Ragnhild Lorentzen','1968-05-08',NULL,156,1),(217,'Princess Astrid of Norway','1932-02-12',NULL,157,1),(218,'Cathrine Ferner','1962-07-22',NULL,158,1),(219,'Sebastian Ferner Johansen','1990-05-09',NULL,159,1),(220,'F Madeleine Ferner Johansen','1993-03-07',NULL,160,1),(221,'Benedikte Ferner','1963-09-27',NULL,161,1),(222,'Alexander Ferner','1965-03-15',NULL,162,1),(223,'Edward Ferner','1996-03-28',NULL,163,1),(224,'Stella Ferner','1998-04-23',NULL,164,1),(225,'Elisabeth Ferner','1969-03-30',NULL,165,1),(226,'Benjamin Ferner Beckmann','1999-04-25',NULL,166,1),(227,'Carl-Christian Ferner','1972-10-22',NULL,167,1),(228,'Harald V, King of Norway','1937-02-21',NULL,168,1),(229,'Princess Märtha Louise','1971-09-22',NULL,169,1),(230,'Maud Angelica Behn','2003-04-29',NULL,170,1),(231,'Leah Isadora Behn','2005-04-08',NULL,171,1),(232,'Emma Tallulah Behn','2008-09-29',NULL,172,1),(233,'Crown Prince Haakon Magnus','1973-07-20',NULL,173,1),(234,'Princess Ingrid Alexandra','2004-01-21',NULL,174,1),(235,'Prince Sverre Magnus','2005-12-03',NULL,175,1);
/*!40000 ALTER TABLE `title` ENABLE KEYS */;
UNLOCK TABLES;
/*!40103 SET TIME_ZONE=@OLD_TIME_ZONE */;

/*!40101 SET SQL_MODE=@OLD_SQL_MODE */;
/*!40014 SET FOREIGN_KEY_CHECKS=@OLD_FOREIGN_KEY_CHECKS */;
/*!40014 SET UNIQUE_CHECKS=@OLD_UNIQUE_CHECKS */;
/*!40101 SET CHARACTER_SET_CLIENT=@OLD_CHARACTER_SET_CLIENT */;
/*!40101 SET CHARACTER_SET_RESULTS=@OLD_CHARACTER_SET_RESULTS */;
/*!40101 SET COLLATION_CONNECTION=@OLD_COLLATION_CONNECTION */;
/*!40111 SET SQL_NOTES=@OLD_SQL_NOTES */;

-- Dump completed on 2018-01-14 12:18:54
