-- MySQL dump 10.17  Distrib 10.3.12-MariaDB, for Linux (x86_64)
--
-- Host: 127.0.0.1    Database: succession
-- ------------------------------------------------------
-- Server version	10.3.16-MariaDB

/*!40101 SET @OLD_CHARACTER_SET_CLIENT=@@CHARACTER_SET_CLIENT */;
/*!40101 SET @OLD_CHARACTER_SET_RESULTS=@@CHARACTER_SET_RESULTS */;
/*!40101 SET @OLD_COLLATION_CONNECTION=@@COLLATION_CONNECTION */;
/*!40101 SET NAMES utf8mb4 */;
/*!40103 SET @OLD_TIME_ZONE=@@TIME_ZONE */;
/*!40103 SET TIME_ZONE='+00:00' */;
/*!40014 SET @OLD_UNIQUE_CHECKS=@@UNIQUE_CHECKS, UNIQUE_CHECKS=0 */;
/*!40014 SET @OLD_FOREIGN_KEY_CHECKS=@@FOREIGN_KEY_CHECKS, FOREIGN_KEY_CHECKS=0 */;
/*!40101 SET @OLD_SQL_MODE=@@SQL_MODE, SQL_MODE='NO_AUTO_VALUE_ON_ZERO' */;
/*!40111 SET @OLD_SQL_NOTES=@@SQL_NOTES, SQL_NOTES=0 */;

--
-- Table structure for table `change`
--

DROP TABLE IF EXISTS `change`;
/*!40101 SET @saved_cs_client     = @@character_set_client */;
/*!40101 SET character_set_client = utf8 */;
CREATE TABLE `change` (
  `id` int(11) NOT NULL AUTO_INCREMENT,
  `person_id` int(11) NOT NULL,
  `change_date_id` int(11) NOT NULL,
  `description` text DEFAULT NULL,
  PRIMARY KEY (`id`),
  KEY `person_id` (`person_id`),
  KEY `change_date_id` (`change_date_id`),
  CONSTRAINT `change_ibfk_1` FOREIGN KEY (`person_id`) REFERENCES `person` (`id`),
  CONSTRAINT `change_ibfk_2` FOREIGN KEY (`change_date_id`) REFERENCES `change_date` (`id`)
) ENGINE=InnoDB AUTO_INCREMENT=581 DEFAULT CHARSET=utf8;
/*!40101 SET character_set_client = @saved_cs_client */;

--
-- Dumping data for table `change`
--

LOCK TABLES `change` WRITE;
/*!40000 ALTER TABLE `change` DISABLE KEYS */;
INSERT INTO `change` VALUES (348,180,623,'became sovereign');
INSERT INTO `change` VALUES (349,499,624,'died');
INSERT INTO `change` VALUES (350,452,625,'died');
INSERT INTO `change` VALUES (351,451,626,'died');
INSERT INTO `change` VALUES (352,181,627,'was born');
INSERT INTO `change` VALUES (353,65,628,'was born');
INSERT INTO `change` VALUES (354,502,629,'died');
INSERT INTO `change` VALUES (355,458,630,'died');
INSERT INTO `change` VALUES (356,250,631,'was born');
INSERT INTO `change` VALUES (357,282,632,'was born');
INSERT INTO `change` VALUES (358,492,633,'died');
INSERT INTO `change` VALUES (359,455,634,'was born');
INSERT INTO `change` VALUES (360,343,635,'was born');
INSERT INTO `change` VALUES (361,456,636,'was born');
INSERT INTO `change` VALUES (362,349,637,'was born');
INSERT INTO `change` VALUES (363,469,638,'died');
INSERT INTO `change` VALUES (364,462,639,'was born');
INSERT INTO `change` VALUES (365,457,640,'was born');
INSERT INTO `change` VALUES (366,350,641,'was born');
INSERT INTO `change` VALUES (367,459,642,'died');
INSERT INTO `change` VALUES (368,453,643,'died');
INSERT INTO `change` VALUES (369,479,644,'died');
INSERT INTO `change` VALUES (370,373,645,'was born');
INSERT INTO `change` VALUES (371,400,646,'was born');
INSERT INTO `change` VALUES (372,468,647,'died');
INSERT INTO `change` VALUES (373,182,648,'was born');
INSERT INTO `change` VALUES (374,209,649,'was born');
INSERT INTO `change` VALUES (375,211,650,'was born');
INSERT INTO `change` VALUES (376,251,651,'was born');
INSERT INTO `change` VALUES (377,66,652,'was born');
INSERT INTO `change` VALUES (378,476,653,'died');
INSERT INTO `change` VALUES (379,217,654,'was born');
INSERT INTO `change` VALUES (380,265,655,'was born');
INSERT INTO `change` VALUES (381,21,656,'was born');
INSERT INTO `change` VALUES (382,218,657,'was born');
INSERT INTO `change` VALUES (383,217,658,'died');
INSERT INTO `change` VALUES (384,266,659,'was born');
INSERT INTO `change` VALUES (385,68,660,'was born');
INSERT INTO `change` VALUES (386,344,661,'was born');
INSERT INTO `change` VALUES (387,464,662,'was born');
INSERT INTO `change` VALUES (388,219,663,'was born');
INSERT INTO `change` VALUES (389,69,664,'was born');
INSERT INTO `change` VALUES (390,267,665,'was born');
INSERT INTO `change` VALUES (391,345,666,'was born');
INSERT INTO `change` VALUES (392,70,667,'was born');
INSERT INTO `change` VALUES (393,346,668,'was born');
INSERT INTO `change` VALUES (394,220,669,'was born');
INSERT INTO `change` VALUES (395,274,670,'was born');
INSERT INTO `change` VALUES (396,67,671,'was born');
INSERT INTO `change` VALUES (397,67,672,'died');
INSERT INTO `change` VALUES (398,234,673,'was born');
INSERT INTO `change` VALUES (399,275,674,'was born');
INSERT INTO `change` VALUES (400,347,675,'was born');
INSERT INTO `change` VALUES (401,274,676,'died');
INSERT INTO `change` VALUES (402,281,677,'was born');
INSERT INTO `change` VALUES (403,283,678,'was born');
INSERT INTO `change` VALUES (404,284,679,'was born');
INSERT INTO `change` VALUES (405,348,680,'was born');
INSERT INTO `change` VALUES (406,348,681,'died');
INSERT INTO `change` VALUES (407,301,682,'was born');
INSERT INTO `change` VALUES (408,320,683,'was born');
INSERT INTO `change` VALUES (409,281,684,'died');
INSERT INTO `change` VALUES (410,250,685,'died');
INSERT INTO `change` VALUES (411,219,686,'died');
INSERT INTO `change` VALUES (412,210,687,'was born');
INSERT INTO `change` VALUES (413,351,688,'was born');
INSERT INTO `change` VALUES (414,183,689,'was born');
INSERT INTO `change` VALUES (415,366,690,'was born');
INSERT INTO `change` VALUES (416,374,691,'was born');
INSERT INTO `change` VALUES (417,190,692,'was born');
INSERT INTO `change` VALUES (418,373,693,'died');
INSERT INTO `change` VALUES (419,335,694,'was born');
INSERT INTO `change` VALUES (420,191,695,'was born');
INSERT INTO `change` VALUES (421,381,696,'was born');
INSERT INTO `change` VALUES (422,368,697,'was born');
INSERT INTO `change` VALUES (423,194,698,'was born');
INSERT INTO `change` VALUES (424,196,699,'was born');
INSERT INTO `change` VALUES (425,212,700,'was born');
INSERT INTO `change` VALUES (426,141,701,'was born');
INSERT INTO `change` VALUES (427,141,702,'died');
INSERT INTO `change` VALUES (428,201,703,'was born');
INSERT INTO `change` VALUES (429,142,704,'was born');
INSERT INTO `change` VALUES (430,66,705,'died');
INSERT INTO `change` VALUES (431,203,706,'was born');
INSERT INTO `change` VALUES (432,144,707,'was born');
INSERT INTO `change` VALUES (433,285,708,'was born');
INSERT INTO `change` VALUES (434,22,709,'was born');
INSERT INTO `change` VALUES (435,287,710,'was born');
INSERT INTO `change` VALUES (436,1,711,'was born');
INSERT INTO `change` VALUES (437,26,712,'was born');
INSERT INTO `change` VALUES (438,321,713,'was born');
INSERT INTO `change` VALUES (439,327,714,'was born');
INSERT INTO `change` VALUES (440,283,715,'died');
INSERT INTO `change` VALUES (441,288,716,'was born');
INSERT INTO `change` VALUES (442,23,717,'was born');
INSERT INTO `change` VALUES (443,282,718,'died');
INSERT INTO `change` VALUES (444,65,719,'became sovereign');
INSERT INTO `change` VALUES (445,332,720,'was born');
INSERT INTO `change` VALUES (446,181,721,'died');
INSERT INTO `change` VALUES (447,333,722,'was born');
INSERT INTO `change` VALUES (448,24,723,'was born');
INSERT INTO `change` VALUES (449,152,724,'was born');
INSERT INTO `change` VALUES (450,292,725,'was born');
INSERT INTO `change` VALUES (451,25,726,'was born');
INSERT INTO `change` VALUES (452,352,727,'was born');
INSERT INTO `change` VALUES (453,302,728,'was born');
INSERT INTO `change` VALUES (454,293,729,'was born');
INSERT INTO `change` VALUES (455,310,730,'was born');
INSERT INTO `change` VALUES (456,336,731,'was born');
INSERT INTO `change` VALUES (457,21,732,'became sovereign');
INSERT INTO `change` VALUES (458,334,733,'was born');
INSERT INTO `change` VALUES (459,334,734,'died');
INSERT INTO `change` VALUES (460,341,735,'was born');
INSERT INTO `change` VALUES (461,300,736,'was born');
INSERT INTO `change` VALUES (462,143,737,'was born');
INSERT INTO `change` VALUES (463,300,738,'died');
INSERT INTO `change` VALUES (464,328,739,'was born');
INSERT INTO `change` VALUES (465,318,740,'was born');
INSERT INTO `change` VALUES (466,25,741,'died');
INSERT INTO `change` VALUES (467,329,742,'was born');
INSERT INTO `change` VALUES (468,286,743,'was born');
INSERT INTO `change` VALUES (469,225,744,'was born');
INSERT INTO `change` VALUES (470,330,745,'was born');
INSERT INTO `change` VALUES (471,33,746,'was born');
INSERT INTO `change` VALUES (472,289,747,'was born');
INSERT INTO `change` VALUES (473,176,748,'was born');
INSERT INTO `change` VALUES (474,2,749,'was born');
INSERT INTO `change` VALUES (475,303,750,'was born');
INSERT INTO `change` VALUES (476,304,751,'was born');
INSERT INTO `change` VALUES (477,290,752,'was born');
INSERT INTO `change` VALUES (478,291,753,'was born');
INSERT INTO `change` VALUES (479,145,754,'was born');
INSERT INTO `change` VALUES (480,153,755,'was born');
INSERT INTO `change` VALUES (481,20,756,'was born');
INSERT INTO `change` VALUES (482,68,757,'died');
INSERT INTO `change` VALUES (483,157,758,'was born');
INSERT INTO `change` VALUES (484,294,759,'was born');
INSERT INTO `change` VALUES (485,40,760,'was born');
INSERT INTO `change` VALUES (486,69,761,'died');
INSERT INTO `change` VALUES (487,22,762,'became sovereign');
INSERT INTO `change` VALUES (488,1,763,'became sovereign');
INSERT INTO `change` VALUES (489,41,764,'was born');
INSERT INTO `change` VALUES (490,168,765,'was born');
INSERT INTO `change` VALUES (491,284,766,'died');
INSERT INTO `change` VALUES (492,70,767,'died');
INSERT INTO `change` VALUES (493,37,768,'was born');
INSERT INTO `change` VALUES (494,42,769,'was born');
INSERT INTO `change` VALUES (495,24,770,'died');
INSERT INTO `change` VALUES (496,143,771,'died');
INSERT INTO `change` VALUES (497,38,772,'was born');
INSERT INTO `change` VALUES (498,144,773,'died');
INSERT INTO `change` VALUES (499,3,774,'was born');
INSERT INTO `change` VALUES (500,4,775,'was born');
INSERT INTO `change` VALUES (501,34,776,'was born');
INSERT INTO `change` VALUES (502,2,777,'became sovereign');
INSERT INTO `change` VALUES (503,285,778,'died');
INSERT INTO `change` VALUES (504,177,779,'was born');
INSERT INTO `change` VALUES (505,35,780,'was born');
INSERT INTO `change` VALUES (506,154,781,'was born');
INSERT INTO `change` VALUES (507,36,782,'was born');
INSERT INTO `change` VALUES (508,287,783,'died');
INSERT INTO `change` VALUES (509,155,784,'was born');
INSERT INTO `change` VALUES (510,142,785,'died');
INSERT INTO `change` VALUES (511,146,786,'was born');
INSERT INTO `change` VALUES (512,5,787,'was born');
INSERT INTO `change` VALUES (513,148,788,'was born');
INSERT INTO `change` VALUES (514,288,789,'died');
INSERT INTO `change` VALUES (515,27,790,'was born');
INSERT INTO `change` VALUES (516,43,791,'was born');
INSERT INTO `change` VALUES (517,158,792,'was born');
INSERT INTO `change` VALUES (518,161,793,'was born');
INSERT INTO `change` VALUES (519,46,794,'was born');
INSERT INTO `change` VALUES (520,6,795,'was born');
INSERT INTO `change` VALUES (521,44,796,'was born');
INSERT INTO `change` VALUES (522,28,797,'was born');
INSERT INTO `change` VALUES (523,179,798,'was born');
INSERT INTO `change` VALUES (524,26,799,'died');
INSERT INTO `change` VALUES (525,47,800,'was born');
INSERT INTO `change` VALUES (526,45,801,'was born');
INSERT INTO `change` VALUES (527,37,802,'died');
INSERT INTO `change` VALUES (528,173,803,'was born');
INSERT INTO `change` VALUES (529,434,804,'was born');
INSERT INTO `change` VALUES (530,23,805,'died');
INSERT INTO `change` VALUES (531,50,806,'was born');
INSERT INTO `change` VALUES (532,431,807,'was born');
INSERT INTO `change` VALUES (533,435,808,'was born');
INSERT INTO `change` VALUES (534,7,809,'was born');
INSERT INTO `change` VALUES (535,51,810,'was born');
INSERT INTO `change` VALUES (536,42,811,'was excluded');
INSERT INTO `change` VALUES (537,430,812,'was born');
INSERT INTO `change` VALUES (538,48,813,'was born');
INSERT INTO `change` VALUES (539,52,814,'was born');
INSERT INTO `change` VALUES (540,432,815,'was born');
INSERT INTO `change` VALUES (541,49,816,'was born');
INSERT INTO `change` VALUES (542,8,817,'was born');
INSERT INTO `change` VALUES (543,9,818,'was born');
INSERT INTO `change` VALUES (544,433,819,'was born');
INSERT INTO `change` VALUES (545,10,820,'was born');
INSERT INTO `change` VALUES (546,43,821,'was excluded');
INSERT INTO `change` VALUES (547,11,822,'was born');
INSERT INTO `change` VALUES (548,507,823,'was born');
INSERT INTO `change` VALUES (549,12,824,'was born');
INSERT INTO `change` VALUES (550,428,825,'was born');
INSERT INTO `change` VALUES (551,508,826,'was born');
INSERT INTO `change` VALUES (552,429,827,'was born');
INSERT INTO `change` VALUES (553,59,828,'was born');
INSERT INTO `change` VALUES (554,426,829,'was born');
INSERT INTO `change` VALUES (555,509,830,'was born');
INSERT INTO `change` VALUES (556,31,831,'was born');
INSERT INTO `change` VALUES (557,60,832,'was born');
INSERT INTO `change` VALUES (558,32,833,'was born');
INSERT INTO `change` VALUES (559,29,834,'was born');
INSERT INTO `change` VALUES (560,20,835,'died');
INSERT INTO `change` VALUES (561,30,836,'was born');
INSERT INTO `change` VALUES (562,507,837,'was excluded');
INSERT INTO `change` VALUES (563,61,838,'was born');
INSERT INTO `change` VALUES (564,13,839,'was born');
INSERT INTO `change` VALUES (565,53,840,'was born');
INSERT INTO `change` VALUES (566,14,841,'was born');
INSERT INTO `change` VALUES (567,508,842,'was excluded');
INSERT INTO `change` VALUES (568,54,843,'was born');
INSERT INTO `change` VALUES (569,57,844,'was born');
INSERT INTO `change` VALUES (570,55,845,'was born');
INSERT INTO `change` VALUES (571,15,846,'was born');
INSERT INTO `change` VALUES (572,16,847,'was born');
INSERT INTO `change` VALUES (573,56,848,'was born');
INSERT INTO `change` VALUES (574,58,849,'was born');
INSERT INTO `change` VALUES (575,17,850,'was born');
INSERT INTO `change` VALUES (576,18,851,'was born');
INSERT INTO `change` VALUES (577,19,852,'was born');
INSERT INTO `change` VALUES (578,506,853,'was born');
INSERT INTO `change` VALUES (579,510,854,'was born');
INSERT INTO `change` VALUES (580,511,855,'was born');
/*!40000 ALTER TABLE `change` ENABLE KEYS */;
UNLOCK TABLES;

--
-- Table structure for table `change_date`
--

DROP TABLE IF EXISTS `change_date`;
/*!40101 SET @saved_cs_client     = @@character_set_client */;
/*!40101 SET character_set_client = utf8 */;
CREATE TABLE `change_date` (
  `id` int(11) NOT NULL AUTO_INCREMENT,
  `change_date` date DEFAULT NULL,
  `succession` varchar(255) DEFAULT NULL,
  PRIMARY KEY (`id`),
  KEY `change_date_change_date` (`change_date`)
) ENGINE=InnoDB AUTO_INCREMENT=856 DEFAULT CHARSET=latin1;
/*!40101 SET character_set_client = @saved_cs_client */;

--
-- Dumping data for table `change_date`
--

LOCK TABLES `change_date` WRITE;
/*!40000 ALTER TABLE `change_date` DISABLE KEYS */;
INSERT INTO `change_date` VALUES (623,'1837-06-20','453:454:458:459:460:461:463:451:452:468:469:492:486:487:476:479:499:500:501:502:504:505:503');
INSERT INTO `change_date` VALUES (624,'1839-12-04','453:454:458:459:460:461:463:451:452:468:469:492:486:487:476:479:500:501:502:504:505:503');
INSERT INTO `change_date` VALUES (625,'1840-01-11','453:454:458:459:460:461:463:451:468:469:492:486:487:476:479:500:501:502:504:505:503');
INSERT INTO `change_date` VALUES (626,'1840-09-23','453:454:458:459:460:461:463:468:469:492:486:487:476:479:500:501:502:504:505:503');
INSERT INTO `change_date` VALUES (627,'1840-11-21','181:453:454:458:459:460:461:463:468:469:492:486:487:476:479:500:501:502:504:505:503');
INSERT INTO `change_date` VALUES (628,'1841-11-09','65:181:453:454:458:459:460:461:463:468:469:492:486:487:476:479:500:501:502:504:505:503');
INSERT INTO `change_date` VALUES (629,'1843-01-14','65:181:453:454:458:459:460:461:463:468:469:492:486:487:476:479:500:501:504:505:503');
INSERT INTO `change_date` VALUES (630,'1843-04-22','65:181:453:454:459:460:461:463:468:469:492:486:487:476:479:500:501:504:505:503');
INSERT INTO `change_date` VALUES (631,'1843-04-25','65:181:250:453:454:459:460:461:463:468:469:492:486:487:476:479:500:501:504:505:503');
INSERT INTO `change_date` VALUES (632,'1844-08-06','65:282:181:250:453:454:459:460:461:463:468:469:492:486:487:476:479:500:501:504:505:503');
INSERT INTO `change_date` VALUES (633,'1844-11-30','65:282:181:250:453:454:459:460:461:463:468:469:486:487:476:479:500:501:504:505:503');
INSERT INTO `change_date` VALUES (634,'1845-09-21','65:282:181:250:453:454:455:459:460:461:463:468:469:486:487:476:479:500:501:504:505:503');
INSERT INTO `change_date` VALUES (635,'1846-05-25','65:282:181:250:343:453:454:455:459:460:461:463:468:469:486:487:476:479:500:501:504:505:503');
INSERT INTO `change_date` VALUES (636,'1848-01-09','65:282:181:250:343:453:454:455:456:459:460:461:463:468:469:486:487:476:479:500:501:504:505:503');
INSERT INTO `change_date` VALUES (637,'1848-03-18','65:282:181:250:343:349:453:454:455:456:459:460:461:463:468:469:486:487:476:479:500:501:504:505:503');
INSERT INTO `change_date` VALUES (638,'1848-05-28','65:282:181:250:343:349:453:454:455:456:459:460:461:463:468:486:487:476:479:500:501:504:505:503');
INSERT INTO `change_date` VALUES (639,'1848-07-22','65:282:181:250:343:349:453:454:455:456:459:460:461:462:463:468:486:487:476:479:500:501:504:505:503');
INSERT INTO `change_date` VALUES (640,'1849-12-03','65:282:181:250:343:349:453:454:455:456:457:459:460:461:462:463:468:486:487:476:479:500:501:504:505:503');
INSERT INTO `change_date` VALUES (641,'1850-05-01','65:282:350:181:250:343:349:453:454:455:456:457:459:460:461:462:463:468:486:487:476:479:500:501:504:505:503');
INSERT INTO `change_date` VALUES (642,'1850-07-09','65:282:350:181:250:343:349:453:454:455:456:457:460:461:462:463:468:486:487:476:479:500:501:504:505:503');
INSERT INTO `change_date` VALUES (643,'1851-11-19','65:282:350:181:250:343:349:454:455:456:457:460:461:462:463:468:486:487:476:479:500:501:504:505:503');
INSERT INTO `change_date` VALUES (644,'1852-04-17','65:282:350:181:250:343:349:454:455:456:457:460:461:462:463:468:486:487:476:500:501:504:505:503');
INSERT INTO `change_date` VALUES (645,'1853-04-07','65:282:350:373:181:250:343:349:454:455:456:457:460:461:462:463:468:486:487:476:500:501:504:505:503');
INSERT INTO `change_date` VALUES (646,'1857-04-14','65:282:350:373:181:250:343:349:400:454:455:456:457:460:461:462:463:468:486:487:476:500:501:504:505:503');
INSERT INTO `change_date` VALUES (647,'1857-05-01','65:282:350:373:181:250:343:349:400:454:455:456:457:460:461:462:463:486:487:476:500:501:504:505:503');
INSERT INTO `change_date` VALUES (648,'1859-01-27','65:282:350:373:181:182:250:343:349:400:454:455:456:457:460:461:462:463:486:487:476:500:501:504:505:503');
INSERT INTO `change_date` VALUES (649,'1860-07-24','65:282:350:373:181:182:209:250:343:349:400:454:455:456:457:460:461:462:463:486:487:476:500:501:504:505:503');
INSERT INTO `change_date` VALUES (650,'1862-08-14','65:282:350:373:181:182:211:209:250:343:349:400:454:455:456:457:460:461:462:463:486:487:476:500:501:504:505:503');
INSERT INTO `change_date` VALUES (651,'1863-04-05','65:282:350:373:181:182:211:209:250:251:343:349:400:454:455:456:457:460:461:462:463:486:487:476:500:501:504:505:503');
INSERT INTO `change_date` VALUES (652,'1864-01-08','65:66:282:350:373:181:182:211:209:250:251:343:349:400:454:455:456:457:460:461:462:463:486:487:476:500:501:504:505:503');
INSERT INTO `change_date` VALUES (653,'1864-06-26','65:66:282:350:373:181:182:211:209:250:251:343:349:400:454:455:456:457:460:461:462:463:486:487:500:501:504:505:503');
INSERT INTO `change_date` VALUES (654,'1864-09-15','65:66:282:350:373:181:182:211:217:209:250:251:343:349:400:454:455:456:457:460:461:462:463:486:487:500:501:504:505:503');
INSERT INTO `change_date` VALUES (655,'1864-11-01','65:66:282:350:373:181:182:211:217:209:250:251:265:343:349:400:454:455:456:457:460:461:462:463:486:487:500:501:504:505');
INSERT INTO `change_date` VALUES (656,'1865-06-03','65:66:21:282:350:373:181:182:211:217:209:250:251:265:343:349:400:454:455:456:457:460:461:462:463:486:487:500:501:504');
INSERT INTO `change_date` VALUES (657,'1866-04-12','65:66:21:282:350:373:181:182:211:217:209:218:250:251:265:343:349:400:454:455:456:457:460:461:462:463:486:487:500:501');
INSERT INTO `change_date` VALUES (658,'1866-06-19','65:66:21:282:350:373:181:182:211:209:218:250:251:265:343:349:400:454:455:456:457:460:461:462:463:486:487:500:501:504');
INSERT INTO `change_date` VALUES (659,'1866-07-11','65:66:21:282:350:373:181:182:211:209:218:250:251:265:266:343:349:400:454:455:456:457:460:461:462:463:486:487:500:501');
INSERT INTO `change_date` VALUES (660,'1867-02-20','65:66:21:68:282:350:373:181:182:211:209:218:250:251:265:266:343:349:400:454:455:456:457:460:461:462:463:486:487:500');
INSERT INTO `change_date` VALUES (661,'1867-04-14','65:66:21:68:282:350:373:181:182:211:209:218:250:251:265:266:343:344:349:400:454:455:456:457:460:461:462:463:486:487');
INSERT INTO `change_date` VALUES (662,'1867-05-28','65:66:21:68:282:350:373:181:182:211:209:218:250:251:265:266:343:344:349:400:454:455:456:457:460:461:462:463:464:486');
INSERT INTO `change_date` VALUES (663,'1868-02-10','65:66:21:68:282:350:373:181:182:211:219:209:218:250:251:265:266:343:344:349:400:454:455:456:457:460:461:462:463:464');
INSERT INTO `change_date` VALUES (664,'1868-07-06','65:66:21:68:69:282:350:373:181:182:211:219:209:218:250:251:265:266:343:344:349:400:454:455:456:457:460:461:462:463');
INSERT INTO `change_date` VALUES (665,'1868-11-25','65:66:21:68:69:282:350:373:181:182:211:219:209:218:250:267:251:265:266:343:344:349:400:454:455:456:457:460:461:462');
INSERT INTO `change_date` VALUES (666,'1869-02-26','65:66:21:68:69:282:350:373:181:182:211:219:209:218:250:267:251:265:266:343:344:345:349:400:454:455:456:457:460:461');
INSERT INTO `change_date` VALUES (667,'1869-11-26','65:66:21:68:69:70:282:350:373:181:182:211:219:209:218:250:267:251:265:266:343:344:345:349:400:454:455:456:457:460');
INSERT INTO `change_date` VALUES (668,'1870-05-03','65:66:21:68:69:70:282:350:373:181:182:211:219:209:218:250:267:251:265:266:343:344:345:346:349:400:454:455:456:457');
INSERT INTO `change_date` VALUES (669,'1870-06-14','65:66:21:68:69:70:282:350:373:181:182:211:219:209:218:220:250:267:251:265:266:343:344:345:346:349:400:454:455:456');
INSERT INTO `change_date` VALUES (670,'1870-10-07','65:66:21:68:69:70:282:350:373:181:182:211:219:209:218:220:250:267:274:251:265:266:343:344:345:346:349:400:454:455');
INSERT INTO `change_date` VALUES (671,'1871-04-06','65:66:21:67:68:69:70:282:350:373:181:182:211:219:209:218:220:250:267:274:251:265:266:343:344:345:346:349:400:454');
INSERT INTO `change_date` VALUES (672,'1871-04-08','65:66:21:68:69:70:282:350:373:181:182:211:219:209:218:220:250:267:274:251:265:266:343:344:345:346:349:400:454:455');
INSERT INTO `change_date` VALUES (673,'1872-04-22','65:66:21:68:69:70:282:350:373:181:182:211:219:209:218:220:234:250:267:274:251:265:266:343:344:345:346:349:400:454');
INSERT INTO `change_date` VALUES (674,'1872-06-06','65:66:21:68:69:70:282:350:373:181:182:211:219:209:218:220:234:250:267:274:251:265:266:275:343:344:345:346:349:400');
INSERT INTO `change_date` VALUES (675,'1872-08-12','65:66:21:68:69:70:282:350:373:181:182:211:219:209:218:220:234:250:267:274:251:265:266:275:343:344:345:346:347:349');
INSERT INTO `change_date` VALUES (676,'1873-05-30','65:66:21:68:69:70:282:350:373:181:182:211:219:209:218:220:234:250:267:251:265:266:275:343:344:345:346:347:349:400');
INSERT INTO `change_date` VALUES (677,'1874-05-24','65:66:21:68:69:70:282:350:373:181:182:211:219:209:218:220:234:250:267:251:265:266:275:281:343:344:345:346:347:349');
INSERT INTO `change_date` VALUES (678,'1874-10-15','65:66:21:68:69:70:282:283:350:373:181:182:211:219:209:218:220:234:250:267:251:265:266:275:281:343:344:345:346:347');
INSERT INTO `change_date` VALUES (679,'1875-10-29','65:66:21:68:69:70:282:283:284:350:373:181:182:211:219:209:218:220:234:250:267:251:265:266:275:281:343:344:345:346');
INSERT INTO `change_date` VALUES (680,'1876-05-12','65:66:21:68:69:70:282:283:284:350:373:181:182:211:219:209:218:220:234:250:267:251:265:266:275:281:343:344:345:348');
INSERT INTO `change_date` VALUES (681,'1876-05-21','65:66:21:68:69:70:282:283:284:350:373:181:182:211:219:209:218:220:234:250:267:251:265:266:275:281:343:344:345:346');
INSERT INTO `change_date` VALUES (682,'1876-11-25','65:66:21:68:69:70:282:283:284:301:350:373:181:182:211:219:209:218:220:234:250:267:251:265:266:275:281:343:344:345');
INSERT INTO `change_date` VALUES (683,'1878-09-01','65:66:21:68:69:70:282:283:284:301:320:350:373:181:182:211:219:209:218:220:234:250:267:251:265:266:275:281:343:344');
INSERT INTO `change_date` VALUES (684,'1878-11-17','65:66:21:68:69:70:282:283:284:301:320:350:373:181:182:211:219:209:218:220:234:250:267:251:265:266:275:343:344:345');
INSERT INTO `change_date` VALUES (685,'1878-12-15','65:66:21:68:69:70:282:283:284:301:320:350:373:181:182:211:219:209:218:220:234:267:251:265:266:275:343:344:345:346');
INSERT INTO `change_date` VALUES (686,'1879-03-28','65:66:21:68:69:70:282:283:284:301:320:350:373:181:182:211:209:218:220:234:267:251:265:266:275:343:344:345:346:347');
INSERT INTO `change_date` VALUES (687,'1879-05-12','65:66:21:68:69:70:282:283:284:301:320:350:373:181:182:211:209:210:218:220:234:267:251:265:266:275:343:344:345:346');
INSERT INTO `change_date` VALUES (688,'1882-01-15','65:66:21:68:69:70:282:283:284:301:320:350:351:373:181:182:211:209:210:218:220:234:267:251:265:266:275:343:344:345');
INSERT INTO `change_date` VALUES (689,'1882-05-06','65:66:21:68:69:70:282:283:284:301:320:350:351:373:181:182:183:211:209:210:218:220:234:267:251:265:266:275:343:344');
INSERT INTO `change_date` VALUES (690,'1883-01-13','65:66:21:68:69:70:282:283:284:301:320:350:366:351:373:181:182:183:211:209:210:218:220:234:267:251:265:266:275:343');
INSERT INTO `change_date` VALUES (691,'1883-02-25','65:66:21:68:69:70:282:283:284:301:320:350:366:351:373:374:181:182:183:211:209:210:218:220:234:267:251:265:266:275');
INSERT INTO `change_date` VALUES (692,'1883-07-07','65:66:21:68:69:70:282:283:284:301:320:350:366:351:373:374:181:182:183:190:211:209:210:218:220:234:267:251:265:266');
INSERT INTO `change_date` VALUES (693,'1884-03-29','65:66:21:68:69:70:282:283:284:301:320:350:366:351:374:181:182:183:190:211:209:210:218:220:234:267:251:265:266:275');
INSERT INTO `change_date` VALUES (694,'1884-04-20','65:66:21:68:69:70:282:283:284:301:320:335:350:366:351:374:181:182:183:190:211:209:210:218:220:234:267:251:265:266');
INSERT INTO `change_date` VALUES (695,'1884-07-14','65:66:21:68:69:70:282:283:284:301:320:335:350:366:351:374:181:182:183:190:191:211:209:210:218:220:234:267:251:265');
INSERT INTO `change_date` VALUES (696,'1884-07-19','65:66:21:68:69:70:282:283:284:301:320:335:350:366:351:381:374:181:182:183:190:191:211:209:210:218:220:234:267:251');
INSERT INTO `change_date` VALUES (697,'1886-03-17','65:66:21:68:69:70:282:283:284:301:320:335:350:366:351:368:381:374:181:182:183:190:191:211:209:210:218:220:234:267');
INSERT INTO `change_date` VALUES (698,'1887-01-29','65:66:21:68:69:70:282:283:284:301:320:335:350:366:351:368:381:374:181:182:183:190:191:194:211:209:210:218:220:234');
INSERT INTO `change_date` VALUES (699,'1888-07-27','65:66:21:68:69:70:282:283:284:301:320:335:350:366:351:368:381:374:181:182:183:190:191:194:196:211:209:210:218:220');
INSERT INTO `change_date` VALUES (700,'1889-03-20','65:66:21:68:69:70:282:283:284:301:320:335:350:366:351:368:381:374:181:182:183:190:191:194:196:211:212:209:210:218');
INSERT INTO `change_date` VALUES (701,'1890-06-16','65:66:21:68:141:69:70:282:283:284:301:320:335:350:366:351:368:381:374:181:182:183:190:191:194:196:211:212:209:210');
INSERT INTO `change_date` VALUES (702,'1890-06-17','65:66:21:68:69:70:282:283:284:301:320:335:350:366:351:368:381:374:181:182:183:190:191:194:196:211:212:209:210:218');
INSERT INTO `change_date` VALUES (703,'1890-12-17','65:66:21:68:69:70:282:283:284:301:320:335:350:366:351:368:381:374:181:182:183:190:191:194:196:201:211:212:209:210');
INSERT INTO `change_date` VALUES (704,'1891-05-17','65:66:21:68:142:69:70:282:283:284:301:320:335:350:366:351:368:381:374:181:182:183:190:191:194:196:201:211:212:209');
INSERT INTO `change_date` VALUES (705,'1892-01-15','65:21:68:142:69:70:282:283:284:301:320:335:350:366:351:368:381:374:181:182:183:190:191:194:196:201:211:212:209:210');
INSERT INTO `change_date` VALUES (706,'1892-09-13','65:21:68:142:69:70:282:283:284:301:320:335:350:366:351:368:381:374:181:182:183:190:191:194:196:201:203:211:212:209');
INSERT INTO `change_date` VALUES (707,'1893-04-03','65:21:68:142:144:69:70:282:283:284:301:320:335:350:366:351:368:381:374:181:182:183:190:191:194:196:201:203:211:212');
INSERT INTO `change_date` VALUES (708,'1893-10-15','65:21:68:142:144:69:70:282:283:284:285:301:320:335:350:366:351:368:381:374:181:182:183:190:191:194:196:201:203:211');
INSERT INTO `change_date` VALUES (709,'1894-06-23','65:21:22:68:142:144:69:70:282:283:284:285:301:320:335:350:366:351:368:381:374:181:182:183:190:191:194:196:201:203');
INSERT INTO `change_date` VALUES (710,'1894-10-12','65:21:22:68:142:144:69:70:282:283:284:285:287:301:320:335:350:366:351:368:381:374:181:182:183:190:191:194:196:201');
INSERT INTO `change_date` VALUES (711,'1895-12-14','65:21:22:1:68:142:144:69:70:282:283:284:285:287:301:320:335:350:366:351:368:381:374:181:182:183:190:191:194:196');
INSERT INTO `change_date` VALUES (712,'1897-04-25','65:21:22:1:26:68:142:144:69:70:282:283:284:285:287:301:320:335:350:366:351:368:381:374:181:182:183:190:191:194');
INSERT INTO `change_date` VALUES (713,'1897-05-24','65:21:22:1:26:68:142:144:69:70:282:283:284:285:287:301:320:321:335:350:366:351:368:381:374:181:182:183:190:191');
INSERT INTO `change_date` VALUES (714,'1899-01-18','65:21:22:1:26:68:142:144:69:70:282:283:284:285:287:301:320:321:327:335:350:366:351:368:381:374:181:182:183:190');
INSERT INTO `change_date` VALUES (715,'1899-02-07','65:21:22:1:26:68:142:144:69:70:282:284:285:287:301:320:321:327:335:350:366:351:368:381:374:181:182:183:190:191');
INSERT INTO `change_date` VALUES (716,'1900-01-06','65:21:22:1:26:68:142:144:69:70:282:284:285:287:288:301:320:321:327:335:350:366:351:368:381:374:181:182:183:190');
INSERT INTO `change_date` VALUES (717,'1900-03-31','65:21:22:1:23:26:68:142:144:69:70:282:284:285:287:288:301:320:321:327:335:350:366:351:368:381:374:181:182:183');
INSERT INTO `change_date` VALUES (718,'1900-07-31','65:21:22:1:23:26:68:142:144:69:70:284:285:287:288:301:320:321:327:335:350:366:351:368:381:374:181:182:183:190');
INSERT INTO `change_date` VALUES (719,'1901-01-22','21:22:1:23:26:68:142:144:69:70:284:285:287:288:301:320:321:327:335:350:366:351:368:381:374:181:182:183:190:191');
INSERT INTO `change_date` VALUES (720,'1901-04-02','21:22:1:23:26:68:142:144:69:70:284:285:287:288:301:320:321:327:332:335:350:366:351:368:381:374:181:182:183:190');
INSERT INTO `change_date` VALUES (721,'1901-08-06','21:22:1:23:26:68:142:144:69:70:284:285:287:288:301:320:321:327:332:335:350:366:351:368:381:374:182:183:190:191');
INSERT INTO `change_date` VALUES (722,'1902-07-04','21:22:1:23:26:68:142:144:69:70:284:285:287:288:301:320:321:327:332:333:335:350:366:351:368:381:374:182:183:190');
INSERT INTO `change_date` VALUES (723,'1902-12-20','21:22:1:23:24:26:68:142:144:69:70:284:285:287:288:301:320:321:327:332:333:335:350:366:351:368:381:374:182:183');
INSERT INTO `change_date` VALUES (724,'1903-07-02','21:22:1:23:24:26:68:142:144:69:70:152:284:285:287:288:301:320:321:327:332:333:335:350:366:351:368:381:374:182');
INSERT INTO `change_date` VALUES (725,'1903-08-05','21:22:1:23:24:26:68:142:144:69:70:152:284:285:287:288:292:301:320:321:327:332:333:335:350:366:351:368:381:374');
INSERT INTO `change_date` VALUES (726,'1905-07-12','21:22:1:23:24:25:26:68:142:144:69:70:152:284:285:287:288:292:301:320:321:327:332:333:335:350:366:351:368:381');
INSERT INTO `change_date` VALUES (727,'1906-04-22','21:22:1:23:24:25:26:68:142:144:69:70:152:284:285:287:288:292:301:320:321:327:332:333:335:350:366:351:352:368');
INSERT INTO `change_date` VALUES (728,'1907-02-02','21:22:1:23:24:25:26:68:142:144:69:70:152:284:285:287:288:292:301:302:320:321:327:332:333:335:350:366:351:352');
INSERT INTO `change_date` VALUES (729,'1909-01-05','21:22:1:23:24:25:26:68:142:144:69:70:152:284:285:287:288:292:293:301:302:320:321:327:332:333:335:350:366:351');
INSERT INTO `change_date` VALUES (730,'1909-05-09','21:22:1:23:24:25:26:68:142:144:69:70:152:284:285:287:288:292:293:301:302:310:320:321:327:332:333:335:350:366');
INSERT INTO `change_date` VALUES (731,'1910-04-20','21:22:1:23:24:25:26:68:142:144:69:70:152:284:285:287:288:292:293:301:302:310:320:321:327:332:333:335:336:350');
INSERT INTO `change_date` VALUES (732,'1910-05-06','22:1:23:24:25:26:68:142:144:69:70:152:284:285:287:288:292:293:301:302:310:320:321:327:332:333:335:336:350:366');
INSERT INTO `change_date` VALUES (733,'1911-04-16','22:1:23:24:25:26:68:142:144:69:70:152:284:285:287:288:292:293:301:302:310:320:321:334:327:332:333:335:336:350');
INSERT INTO `change_date` VALUES (734,'1911-04-19','22:1:23:24:25:26:68:142:144:69:70:152:284:285:287:288:292:293:301:302:310:320:321:327:332:333:335:336:350:366');
INSERT INTO `change_date` VALUES (735,'1912-05-28','22:1:23:24:25:26:68:142:144:69:70:152:284:285:287:288:292:293:301:302:310:320:321:327:332:333:335:336:341:350');
INSERT INTO `change_date` VALUES (736,'1913-01-03','22:1:23:24:25:26:68:142:144:69:70:152:284:285:300:287:288:292:293:301:302:310:320:321:327:332:333:335:336:341');
INSERT INTO `change_date` VALUES (737,'1914-08-09','22:1:23:24:25:26:68:142:143:144:69:70:152:284:285:300:287:288:292:293:301:302:310:320:321:327:332:333:335:336');
INSERT INTO `change_date` VALUES (738,'1916-11-03','22:1:23:24:25:26:68:142:143:144:69:70:152:284:285:287:288:292:293:301:302:310:320:321:327:332:333:335:336:341');
INSERT INTO `change_date` VALUES (739,'1917-05-12','22:1:23:24:25:26:68:142:143:144:69:70:152:284:285:287:288:292:293:301:302:310:320:321:327:328:332:333:335:336');
INSERT INTO `change_date` VALUES (740,'1917-08-30','22:1:23:24:25:26:68:142:143:144:69:70:152:284:285:287:288:292:293:301:318:302:310:320:321:327:328:332:333:335');
INSERT INTO `change_date` VALUES (741,'1919-01-19','22:1:23:24:26:68:142:143:144:69:70:152:284:285:287:288:292:293:301:318:302:310:320:321:327:328:332:333:335:336');
INSERT INTO `change_date` VALUES (742,'1919-09-24','22:1:23:24:26:68:142:143:144:69:70:152:284:285:287:288:292:293:301:318:302:310:320:321:327:328:329:332:333:335');
INSERT INTO `change_date` VALUES (743,'1920-08-08','22:1:23:24:26:68:142:143:144:69:70:152:284:285:286:287:288:292:293:301:318:302:310:320:321:327:328:329:332:333');
INSERT INTO `change_date` VALUES (744,'1921-10-25','22:1:23:24:26:68:142:143:144:69:70:152:284:285:286:225:287:288:292:293:301:318:302:310:320:321:327:328:329:332');
INSERT INTO `change_date` VALUES (745,'1922-04-30','22:1:23:24:26:68:142:143:144:69:70:152:284:285:286:225:287:288:292:293:301:318:302:310:320:321:327:328:329:330');
INSERT INTO `change_date` VALUES (746,'1923-02-23','22:1:23:24:26:33:68:142:143:144:69:70:152:284:285:286:225:287:288:292:293:301:318:302:310:320:321:327:328:329');
INSERT INTO `change_date` VALUES (747,'1923-09-06','22:1:23:24:26:33:68:142:143:144:69:70:152:284:285:286:225:287:288:289:292:293:301:318:302:310:320:321:327:328');
INSERT INTO `change_date` VALUES (748,'1924-08-21','22:1:23:24:26:33:176:68:142:143:144:69:70:152:284:285:286:225:287:288:289:292:293:301:318:302:310:320:321:327');
INSERT INTO `change_date` VALUES (749,'1926-04-21','22:1:2:23:24:26:33:176:68:142:143:144:69:70:152:284:285:286:225:287:288:289:292:293:301:318:302:310:320:321');
INSERT INTO `change_date` VALUES (750,'1926-10-18','22:1:2:23:24:26:33:176:68:142:143:144:69:70:152:284:285:286:225:287:288:289:292:293:301:318:302:303:310:320');
INSERT INTO `change_date` VALUES (751,'1928-01-02','22:1:2:23:24:26:33:176:68:142:143:144:69:70:152:284:285:286:225:287:288:289:292:293:301:318:302:303:304:310');
INSERT INTO `change_date` VALUES (752,'1928-01-19','22:1:2:23:24:26:33:176:68:142:143:144:69:70:152:284:285:286:225:287:288:289:290:292:293:301:318:302:303:304');
INSERT INTO `change_date` VALUES (753,'1929-06-28','22:1:2:23:24:26:33:176:68:142:143:144:69:70:152:284:285:286:225:287:288:289:290:291:292:293:301:318:302:303');
INSERT INTO `change_date` VALUES (754,'1929-09-23','22:1:2:23:24:26:33:176:68:142:143:144:145:69:70:152:284:285:286:225:287:288:289:290:291:292:293:301:318:302');
INSERT INTO `change_date` VALUES (755,'1930-06-09','22:1:2:23:24:26:33:176:68:142:143:144:145:69:70:152:153:284:285:286:225:287:288:289:290:291:292:293:301:318');
INSERT INTO `change_date` VALUES (756,'1930-08-21','22:1:2:20:23:24:26:33:176:68:142:143:144:145:69:70:152:153:284:285:286:225:287:288:289:290:291:292:293:301');
INSERT INTO `change_date` VALUES (757,'1931-01-05','22:1:2:20:23:24:26:33:176:142:143:144:145:69:70:152:153:284:285:286:225:287:288:289:290:291:292:293:301:318');
INSERT INTO `change_date` VALUES (758,'1932-02-12','22:1:2:20:23:24:26:33:176:142:143:144:145:69:70:152:153:157:284:285:286:225:287:288:289:290:291:292:293:301');
INSERT INTO `change_date` VALUES (759,'1932-08-05','22:1:2:20:23:24:26:33:176:142:143:144:145:69:70:152:153:157:284:285:286:225:287:288:289:290:291:292:293:294');
INSERT INTO `change_date` VALUES (760,'1935-10-09','22:1:2:20:23:24:40:26:33:176:142:143:144:145:69:70:152:153:157:284:285:286:225:287:288:289:290:291:292:293');
INSERT INTO `change_date` VALUES (761,'1935-12-04','22:1:2:20:23:24:40:26:33:176:142:143:144:145:70:152:153:157:284:285:286:225:287:288:289:290:291:292:293:294');
INSERT INTO `change_date` VALUES (762,'1936-01-20','1:2:20:23:24:40:26:33:176:142:143:144:145:70:152:153:157:284:285:286:225:287:288:289:290:291:292:293:294:295');
INSERT INTO `change_date` VALUES (763,'1936-12-11','2:20:23:24:40:26:33:176:142:143:144:145:70:152:153:157:284:285:286:225:287:288:289:290:291:292:293:294:295:296');
INSERT INTO `change_date` VALUES (764,'1936-12-25','2:20:23:24:40:41:26:33:176:142:143:144:145:70:152:153:157:284:285:286:225:287:288:289:290:291:292:293:294:295');
INSERT INTO `change_date` VALUES (765,'1937-02-21','2:20:23:24:40:41:26:33:176:142:143:144:145:70:152:168:153:157:284:285:286:225:287:288:289:290:291:292:293:294');
INSERT INTO `change_date` VALUES (766,'1938-07-19','2:20:23:24:40:41:26:33:176:142:143:144:145:70:152:168:153:157:285:286:225:287:288:289:290:291:292:293:294:297');
INSERT INTO `change_date` VALUES (767,'1938-11-21','2:20:23:24:40:41:26:33:176:142:143:144:145:152:168:153:157:285:286:225:287:288:289:290:291:292:293:294:297:295');
INSERT INTO `change_date` VALUES (768,'1941-12-18','2:20:23:37:24:40:41:26:33:176:142:143:144:145:152:168:153:157:285:286:225:287:288:289:290:291:292:293:294:297');
INSERT INTO `change_date` VALUES (769,'1942-07-04','2:20:23:37:24:40:42:41:26:33:176:142:143:144:145:152:168:153:157:285:286:225:287:288:289:290:291:292:293:294');
INSERT INTO `change_date` VALUES (770,'1942-08-26','2:20:23:37:40:42:41:26:33:176:142:143:144:145:152:168:153:157:285:286:225:287:288:289:290:291:292:293:294:297');
INSERT INTO `change_date` VALUES (771,'1943-04-27','2:20:23:37:40:42:41:26:33:176:142:144:145:152:168:153:157:285:286:225:287:288:289:290:291:292:293:294:297:295');
INSERT INTO `change_date` VALUES (772,'1944-08-26','2:20:23:37:38:40:42:41:26:33:176:142:144:145:152:168:153:157:285:286:225:287:288:289:290:291:292:293:294:297');
INSERT INTO `change_date` VALUES (773,'1945-12-15','2:20:23:37:38:40:42:41:26:33:176:142:145:152:168:153:157:285:286:225:287:288:289:290:291:292:293:294:297:295');
INSERT INTO `change_date` VALUES (774,'1948-11-14','2:3:20:23:37:38:40:42:41:26:33:176:142:145:152:168:153:157:285:286:225:287:288:289:290:291:292:293:294:297');
INSERT INTO `change_date` VALUES (775,'1950-08-15','2:3:4:20:23:37:38:40:42:41:26:33:176:142:145:152:168:153:157:285:286:225:287:288:289:290:291:292:293:294');
INSERT INTO `change_date` VALUES (776,'1950-10-21','2:3:4:20:23:37:38:40:42:41:26:33:34:176:142:145:152:168:153:157:285:286:225:287:288:289:290:291:292:293');
INSERT INTO `change_date` VALUES (777,'1952-02-06','3:4:20:23:37:38:40:42:41:26:33:34:176:142:145:152:168:153:157:285:286:225:287:288:289:290:291:292:293:294');
INSERT INTO `change_date` VALUES (778,'1953-04-05','3:4:20:23:37:38:40:42:41:26:33:34:176:142:145:152:168:153:157:286:225:287:288:289:290:291:292:293:294:297');
INSERT INTO `change_date` VALUES (779,'1953-05-19','3:4:20:23:37:38:40:42:41:26:33:34:176:177:142:145:152:168:153:157:286:225:287:288:289:290:291:292:293:294');
INSERT INTO `change_date` VALUES (780,'1953-10-05','3:4:20:23:37:38:40:42:41:26:33:34:35:176:177:142:145:152:168:153:157:286:225:287:288:289:290:291:292:293');
INSERT INTO `change_date` VALUES (781,'1954-08-23','3:4:20:23:37:38:40:42:41:26:33:34:35:176:177:142:145:152:168:153:154:157:286:225:287:288:289:290:291:292');
INSERT INTO `change_date` VALUES (782,'1955-02-14','3:4:20:23:37:38:40:42:41:26:33:34:35:36:176:177:142:145:152:168:153:154:157:286:225:287:288:289:290:291');
INSERT INTO `change_date` VALUES (783,'1956-11-15','3:4:20:23:37:38:40:42:41:26:33:34:35:36:176:177:142:145:152:168:153:154:157:286:225:288:289:290:291:292');
INSERT INTO `change_date` VALUES (784,'1957-02-27','3:4:20:23:37:38:40:42:41:26:33:34:35:36:176:177:142:145:152:168:153:154:155:157:286:225:288:289:290:291');
INSERT INTO `change_date` VALUES (785,'1959-02-27','3:4:20:23:37:38:40:42:41:26:33:34:35:36:176:177:145:152:168:153:154:155:157:286:225:288:289:290:291:292');
INSERT INTO `change_date` VALUES (786,'1959-06-20','3:4:20:23:37:38:40:42:41:26:33:34:35:36:176:177:145:146:152:168:153:154:155:157:286:225:288:289:290:291');
INSERT INTO `change_date` VALUES (787,'1960-02-19','3:5:4:20:23:37:38:40:42:41:26:33:34:35:36:176:177:145:146:152:168:153:154:155:157:286:225:288:289:290');
INSERT INTO `change_date` VALUES (788,'1961-03-03','3:5:4:20:23:37:38:40:42:41:26:33:34:35:36:176:177:145:148:146:152:168:153:154:155:157:286:225:288:289');
INSERT INTO `change_date` VALUES (789,'1961-06-23','3:5:4:20:23:37:38:40:42:41:26:33:34:35:36:176:177:145:148:146:152:168:153:154:155:157:286:225:289:290');
INSERT INTO `change_date` VALUES (790,'1961-11-03','3:5:4:20:27:23:37:38:40:42:41:26:33:34:35:36:176:177:145:148:146:152:168:153:154:155:157:286:225:289');
INSERT INTO `change_date` VALUES (791,'1962-06-26','3:5:4:20:27:23:37:38:40:43:42:41:26:33:34:35:36:176:177:145:148:146:152:168:153:154:155:157:286:225');
INSERT INTO `change_date` VALUES (792,'1962-07-22','3:5:4:20:27:23:37:38:40:43:42:41:26:33:34:35:36:176:177:145:148:146:152:168:153:154:155:157:158:286');
INSERT INTO `change_date` VALUES (793,'1963-09-27','3:5:4:20:27:23:37:38:40:43:42:41:26:33:34:35:36:176:177:145:148:146:152:168:153:154:155:157:158:161');
INSERT INTO `change_date` VALUES (794,'1964-02-29','3:5:4:20:27:23:37:38:40:43:42:41:46:26:33:34:35:36:176:177:145:148:146:152:168:153:154:155:157:158');
INSERT INTO `change_date` VALUES (795,'1964-03-10','3:5:6:4:20:27:23:37:38:40:43:42:41:46:26:33:34:35:36:176:177:145:148:146:152:168:153:154:155:157');
INSERT INTO `change_date` VALUES (796,'1964-04-28','3:5:6:4:20:27:23:37:38:40:43:44:42:41:46:26:33:34:35:36:176:177:145:148:146:152:168:153:154:155');
INSERT INTO `change_date` VALUES (797,'1964-05-01','3:5:6:4:20:27:28:23:37:38:40:43:44:42:41:46:26:33:34:35:36:176:177:145:148:146:152:168:153:154');
INSERT INTO `change_date` VALUES (798,'1964-07-04','3:5:6:4:20:27:28:23:37:38:40:43:44:42:41:46:26:33:34:35:36:179x:176:177:145:148:146:152:168:153');
INSERT INTO `change_date` VALUES (799,'1965-03-26','3:5:6:4:20:27:28:23:37:38:40:43:44:42:41:46:33:34:35:36:179x:176:177:145:148:146:152:168:153:154');
INSERT INTO `change_date` VALUES (800,'1966-07-31','3:5:6:4:20:27:28:23:37:38:40:43:44:42:41:46:47:33:34:35:36:179x:176:177:145:148:146:152:168:153');
INSERT INTO `change_date` VALUES (801,'1970-07-25','3:5:6:4:20:27:28:23:37:38:40:43:45:44:42:41:46:47:33:34:35:36:179x:176:177:145:148:146:152:168');
INSERT INTO `change_date` VALUES (802,'1972-08-29','3:5:6:4:20:27:28:23:38:40:43:45:44:42:41:46:47:33:34:35:36:179x:176:177:145:148:146:152:168:169');
INSERT INTO `change_date` VALUES (803,'1973-07-20','3:5:6:4:20:27:28:23:38:40:43:45:44:42:41:46:47:33:34:35:36:179x:176:177:145:148:146:152:168:173');
INSERT INTO `change_date` VALUES (804,'1973-10-01','3:5:6:4:20:27:28:23:38:40:43:45:44:42:41:46:47:33:34:35:434:36:179x:176:177:145:148:146:152:168');
INSERT INTO `change_date` VALUES (805,'1974-06-11','3:5:6:4:20:27:28:38:40:43:45:44:42:41:46:47:33:34:35:434:36:179x:176:177:145:148:146:152:168:173');
INSERT INTO `change_date` VALUES (806,'1974-10-24','3:5:6:4:20:27:28:38:50:40:43:45:44:42:41:46:47:33:34:35:434:36:179x:176:177:145:148:146:152:168');
INSERT INTO `change_date` VALUES (807,'1975-11-23','3:5:6:4:20:27:28:38:50:40:43:45:44:42:41:46:47:33:34:431x:35:434:36:179x:176:177:145:148:146:152');
INSERT INTO `change_date` VALUES (808,'1977-11-06','3:5:6:4:20:27:28:38:50:40:43:45:44:42:41:46:47:33:34:431x:35:435:434:36:179x:176:177:145:148:146');
INSERT INTO `change_date` VALUES (809,'1977-11-15','3:5:6:4:7:20:27:28:38:50:40:43:45:44:42:41:46:47:33:34:431x:35:435:434:36:179x:176:177:145:148');
INSERT INTO `change_date` VALUES (810,'1977-11-19','3:5:6:4:7:20:27:28:38:50:51:40:43:45:44:42:41:46:47:33:34:431x:35:435:434:36:179x:176:177:145');
INSERT INTO `change_date` VALUES (811,'1978-06-30','3:5:6:4:7:20:27:28:38:50:51:40:43:45:44:42x:41:46:47:33:34:431x:35:435:434:36:179x:176:177:145');
INSERT INTO `change_date` VALUES (812,'1978-09-19','3:5:6:4:7:20:27:28:38:50:51:40:43:45:44:42x:41:46:47:33:34:430x:431x:35:435:434:36:179x:176:177');
INSERT INTO `change_date` VALUES (813,'1979-04-06','3:5:6:4:7:20:27:28:38:50:51:40:43:45:44:42x:48:41:46:47:33:34:430x:431x:35:435:434:36:179x:176');
INSERT INTO `change_date` VALUES (814,'1980-03-01','3:5:6:4:7:20:27:28:38:50:51:52:40:43:45:44:42x:48:41:46:47:33:34:430x:431x:35:435:434:36:179x');
INSERT INTO `change_date` VALUES (815,'1980-05-13','3:5:6:4:7:20:27:28:38:50:51:52:40:43:45:44:42x:48:41:46:47:33:34:430x:432:431x:35:435:434:36');
INSERT INTO `change_date` VALUES (816,'1981-04-23','3:5:6:4:7:20:27:28:38:50:51:52:40:43:45:44:42x:48:49:41:46:47:33:34:430x:432:431x:35:435:434');
INSERT INTO `change_date` VALUES (817,'1981-05-15','3:5:6:4:7:8:20:27:28:38:50:51:52:40:43:45:44:42x:48:49:41:46:47:33:34:430x:432:431x:35:435');
INSERT INTO `change_date` VALUES (818,'1982-06-21','3:9:5:6:4:7:8:20:27:28:38:50:51:52:40:43:45:44:42x:48:49:41:46:47:33:34:430x:432:431x:35');
INSERT INTO `change_date` VALUES (819,'1982-11-19','3:9:5:6:4:7:8:20:27:28:38:50:51:52:40:43:45:44:42x:48:49:41:46:47:33:34:430x:432:433:431x');
INSERT INTO `change_date` VALUES (820,'1984-09-15','3:9:10:5:6:4:7:8:20:27:28:38:50:51:52:40:43:45:44:42x:48:49:41:46:47:33:34:430x:432:433');
INSERT INTO `change_date` VALUES (821,'1988-01-09','3:9:10:5:6:4:7:8:20:27:28:38:50:51:52:40:43x:45:44:42x:48:49:41:46:47:33:34:430x:432:433');
INSERT INTO `change_date` VALUES (822,'1988-08-08','3:9:10:5:11:6:4:7:8:20:27:28:38:50:51:52:40:43x:45:44:42x:48:49:41:46:47:33:34:430x:432');
INSERT INTO `change_date` VALUES (823,'1988-12-02','3:9:10:5:11:6:4:7:8:20:27:28:38:50:51:52:40:43x:507:45:44:42x:48:49:41:46:47:33:34:430x');
INSERT INTO `change_date` VALUES (824,'1990-03-23','3:9:10:5:11:12:6:4:7:8:20:27:28:38:50:51:52:40:43x:507:45:44:42x:48:49:41:46:47:33:34');
INSERT INTO `change_date` VALUES (825,'1990-05-26','3:9:10:5:11:12:6:4:7:8:20:27:28:38:50:51:52:40:43x:507:45:44:42x:48:49:41:46:47:428:33');
INSERT INTO `change_date` VALUES (826,'1992-09-30','3:9:10:5:11:12:6:4:7:8:20:27:28:38:50:51:52:40:43x:507:508:45:44:42x:48:49:41:46:47:428');
INSERT INTO `change_date` VALUES (827,'1993-06-04','3:9:10:5:11:12:6:4:7:8:20:27:28:38:50:51:52:40:43x:507:508:45:44:42x:48:49:41:46:47:429');
INSERT INTO `change_date` VALUES (828,'1994-08-06','3:9:10:5:11:12:6:4:7:8:20:27:28:38:50:51:52:40:43x:507:508:45:44:59:42x:48:49:41:46:47');
INSERT INTO `change_date` VALUES (829,'1994-12-15','3:9:10:5:11:12:6:4:7:8:20:27:28:38:50:51:52:40:43x:507:508:45:44:59:42x:48:49:41:46:426');
INSERT INTO `change_date` VALUES (830,'1995-08-24','3:9:10:5:11:12:6:4:7:8:20:27:28:38:50:51:52:40:43x:507:508:509:45:44:59:42x:48:49:41:46');
INSERT INTO `change_date` VALUES (831,'1996-07-28','3:9:10:5:11:12:6:4:7:8:20:27:28:31:38:50:51:52:40:43x:507:508:509:45:44:59:42x:48:49:41');
INSERT INTO `change_date` VALUES (832,'1996-12-26','3:9:10:5:11:12:6:4:7:8:20:27:28:31:38:50:51:52:40:43x:507:508:509:45:44:59:60:42x:48:49');
INSERT INTO `change_date` VALUES (833,'1999-02-05','3:9:10:5:11:12:6:4:7:8:20:27:28:31:32:38:50:51:52:40:43x:507:508:509:45:44:59:60:42x:48');
INSERT INTO `change_date` VALUES (834,'1999-07-01','3:9:10:5:11:12:6:4:7:8:20:27:29:28:31:32:38:50:51:52:40:43x:507:508:509:45:44:59:60:42x');
INSERT INTO `change_date` VALUES (835,'2002-02-10','3:9:10:5:11:12:6:4:7:8:27:29:28:31:32:38:50:51:52:40:43x:507:508:509:45:44:59:60:42x:48');
INSERT INTO `change_date` VALUES (836,'2002-05-14','3:9:10:5:11:12:6:4:7:8:27:29:30:28:31:32:38:50:51:52:40:43x:507:508:509:45:44:59:60:42x');
INSERT INTO `change_date` VALUES (837,'2003-01-01','3:9:10:5:11:12:6:4:7:8:27:29:30:28:31:32:38:50:51:52:40:43x:507x:508:509:45:44:59:60:42x');
INSERT INTO `change_date` VALUES (838,'2003-03-02','3:9:10:5:11:12:6:4:7:8:27:29:30:28:31:32:38:50:51:52:40:43x:507x:508:509:45:44:59:60:61');
INSERT INTO `change_date` VALUES (839,'2003-11-08','3:9:10:5:11:12:6:13:4:7:8:27:29:30:28:31:32:38:50:51:52:40:43x:507x:508:509:45:44:59:60');
INSERT INTO `change_date` VALUES (840,'2007-03-12','3:9:10:5:11:12:6:13:4:7:8:27:29:30:28:31:32:38:50:53:51:52:40:43x:507x:508:509:45:44:59');
INSERT INTO `change_date` VALUES (841,'2007-12-17','3:9:10:5:11:12:6:14:13:4:7:8:27:29:30:28:31:32:38:50:53:51:52:40:43x:507x:508:509:45:44');
INSERT INTO `change_date` VALUES (842,'2008-01-01','3:9:10:5:11:12:6:14:13:4:7:8:27:29:30:28:31:32:38:50:53:51:52:40:43x:507x:508x:509:45:44');
INSERT INTO `change_date` VALUES (843,'2010-05-20','3:9:10:5:11:12:6:14:13:4:7:8:27:29:30:28:31:32:38:50:53:54:51:52:40:43x:507x:508x:509:45');
INSERT INTO `change_date` VALUES (844,'2010-05-30','3:9:10:5:11:12:6:14:13:4:7:8:27:29:30:28:31:32:38:50:53:54:51:52:57:40:43x:507x:508x:509');
INSERT INTO `change_date` VALUES (845,'2010-06-22','3:9:10:5:11:12:6:14:13:4:7:8:27:29:30:28:31:32:38:50:53:54:51:55:52:57:40:43x:507x:508x');
INSERT INTO `change_date` VALUES (846,'2010-12-29','3:9:10:5:11:12:6:14:13:4:7:15:8:27:29:30:28:31:32:38:50:53:54:51:55:52:57:40:43x:507x');
INSERT INTO `change_date` VALUES (847,'2012-03-29','3:9:10:5:11:12:6:14:13:4:7:15:16:8:27:29:30:28:31:32:38:50:53:54:51:55:52:57:40:43x');
INSERT INTO `change_date` VALUES (848,'2012-05-25','3:9:10:5:11:12:6:14:13:4:7:15:16:8:27:29:30:28:31:32:38:50:53:54:51:55:56:52:57:40');
INSERT INTO `change_date` VALUES (849,'2012-10-30','3:9:10:5:11:12:6:14:13:4:7:15:16:8:27:29:30:28:31:32:38:50:53:54:51:55:56:52:57:58');
INSERT INTO `change_date` VALUES (850,'2013-07-22','3:9:17:10:5:11:12:6:14:13:4:7:15:16:8:27:29:30:28:31:32:38:50:53:54:51:55:56:52:57');
INSERT INTO `change_date` VALUES (851,'2014-01-17','3:9:17:10:5:11:12:6:14:13:4:7:15:16:8:18:27:29:30:28:31:32:38:50:53:54:51:55:56:52');
INSERT INTO `change_date` VALUES (852,'2015-05-02','3:9:17:19:10:5:11:12:6:14:13:4:7:15:16:8:18:27:29:30:28:31:32:38:50:53:54:51:55:56');
INSERT INTO `change_date` VALUES (853,'2018-04-23','3:9:17:19:506:10:5:11:12:6:14:13:4:7:15:16:8:18:27:29:30:28:31:32:38:50:53:54:51:55');
INSERT INTO `change_date` VALUES (854,'2018-06-18','3:9:17:19:506:10:5:11:12:6:14:13:4:7:15:16:8:18:510:27:29:30:28:31:32:38:50:53:54:51');
INSERT INTO `change_date` VALUES (855,'2019-05-06','3:9:17:19:506:10:511:5:11:12:6:14:13:4:7:15:16:8:18:510:27:29:30:28:31:32:38:50:53:54');
/*!40000 ALTER TABLE `change_date` ENABLE KEYS */;
UNLOCK TABLES;

--
-- Table structure for table `exclusion`
--

DROP TABLE IF EXISTS `exclusion`;
/*!40101 SET @saved_cs_client     = @@character_set_client */;
/*!40101 SET character_set_client = utf8 */;
CREATE TABLE `exclusion` (
  `id` int(11) NOT NULL AUTO_INCREMENT,
  `start` date DEFAULT NULL,
  `end` date DEFAULT NULL,
  `person_id` int(11) NOT NULL,
  `reason` enum('i','c','mc') NOT NULL,
  PRIMARY KEY (`id`),
  KEY `person_id` (`person_id`),
  KEY `exclusion_start` (`start`),
  KEY `exclusion_end` (`end`),
  KEY `exclusion_person_id` (`person_id`),
  CONSTRAINT `exclusion_ibfk_1` FOREIGN KEY (`person_id`) REFERENCES `person` (`id`)
) ENGINE=InnoDB AUTO_INCREMENT=11 DEFAULT CHARSET=utf8mb4;
/*!40101 SET character_set_client = @saved_cs_client */;

--
-- Dumping data for table `exclusion`
--

LOCK TABLES `exclusion` WRITE;
/*!40000 ALTER TABLE `exclusion` DISABLE KEYS */;
INSERT INTO `exclusion` VALUES (1,'1978-06-30','2015-03-26',42,'mc');
INSERT INTO `exclusion` VALUES (2,'1988-01-09','2015-03-26',43,'mc');
INSERT INTO `exclusion` VALUES (3,'1982-04-14','2015-03-26',154,'mc');
INSERT INTO `exclusion` VALUES (4,NULL,NULL,430,'i');
INSERT INTO `exclusion` VALUES (5,NULL,NULL,436,'i');
INSERT INTO `exclusion` VALUES (6,NULL,NULL,179,'i');
INSERT INTO `exclusion` VALUES (7,NULL,NULL,431,'i');
INSERT INTO `exclusion` VALUES (9,'2003-01-01',NULL,507,'c');
INSERT INTO `exclusion` VALUES (10,'2008-01-01',NULL,508,'c');
/*!40000 ALTER TABLE `exclusion` ENABLE KEYS */;
UNLOCK TABLES;

--
-- Table structure for table `person`
--

DROP TABLE IF EXISTS `person`;
/*!40101 SET @saved_cs_client     = @@character_set_client */;
/*!40101 SET character_set_client = utf8 */;
CREATE TABLE `person` (
  `id` int(11) NOT NULL AUTO_INCREMENT,
  `born` date NOT NULL,
  `died` date DEFAULT NULL,
  `parent` int(11) DEFAULT NULL,
  `family_order` int(11) DEFAULT NULL,
  `sex` enum('m','f') NOT NULL DEFAULT 'm',
  `wikipedia` text DEFAULT NULL,
  `slug` varchar(100) DEFAULT NULL,
  PRIMARY KEY (`id`),
  KEY `parent` (`parent`),
  KEY `person_parent` (`parent`),
  CONSTRAINT `person_ibfk_1` FOREIGN KEY (`parent`) REFERENCES `person` (`id`)
) ENGINE=InnoDB AUTO_INCREMENT=512 DEFAULT CHARSET=utf8mb4;
/*!40101 SET character_set_client = @saved_cs_client */;

--
-- Dumping data for table `person`
--

LOCK TABLES `person` WRITE;
/*!40000 ALTER TABLE `person` DISABLE KEYS */;
INSERT INTO `person` VALUES (1,'1895-12-14','1952-02-06',21,2,'m',NULL,'3b1b86-king-george-vi');
INSERT INTO `person` VALUES (2,'1926-04-21',NULL,1,1,'f',NULL,'a56c08-queen-elizabeth-ii');
INSERT INTO `person` VALUES (3,'1948-11-14',NULL,2,1,'m',NULL,'27d228-the-prince-charles-prince-of-wales');
INSERT INTO `person` VALUES (4,'1950-08-15',NULL,2,4,'f',NULL,'b3fcb1-the-princess-anne-princess-royal');
INSERT INTO `person` VALUES (5,'1960-02-19',NULL,2,2,'m',NULL,'b87f8e-the-prince-andrew-duke-of-york');
INSERT INTO `person` VALUES (6,'1964-03-10',NULL,2,3,'m',NULL,'356a2c-the-prince-edward-earl-of-wessex');
INSERT INTO `person` VALUES (7,'1977-11-15',NULL,4,1,'m',NULL,'63a847-peter-phillips');
INSERT INTO `person` VALUES (8,'1981-05-15',NULL,4,2,'f',NULL,'128c4f-zara-tindall');
INSERT INTO `person` VALUES (9,'1982-06-21',NULL,3,1,'m',NULL,'c08a8a-prince-william-duke-of-cambridge');
INSERT INTO `person` VALUES (10,'1984-09-15',NULL,3,2,'m',NULL,'7ee006-prince-henry-duke-of-sussex');
INSERT INTO `person` VALUES (11,'1988-08-08',NULL,5,1,'f',NULL,'2add5f-princess-beatrice-of-york');
INSERT INTO `person` VALUES (12,'1990-03-23',NULL,5,2,'f',NULL,'e28b5d-princess-eugenie-of-york');
INSERT INTO `person` VALUES (13,'2003-11-08',NULL,6,2,'f',NULL,'3abb35-lady-louise-windsor');
INSERT INTO `person` VALUES (14,'2007-12-17',NULL,6,1,'m',NULL,'8d99c2-james-viscount-severn');
INSERT INTO `person` VALUES (15,'2010-12-29',NULL,7,1,'f',NULL,'2711c6-savannah-phillips');
INSERT INTO `person` VALUES (16,'2012-03-29',NULL,7,2,'f',NULL,'6a4343-isla-phillips');
INSERT INTO `person` VALUES (17,'2013-07-22',NULL,9,1,'m',NULL,'b1445d-prince-george-of-cambridge');
INSERT INTO `person` VALUES (18,'2014-01-17',NULL,8,1,'f',NULL,'34c4dc-mia-tindall');
INSERT INTO `person` VALUES (19,'2015-05-02',NULL,9,2,'f',NULL,'762a60-princess-charlotte-of-cambridge');
INSERT INTO `person` VALUES (20,'1930-08-21','2002-02-09',1,2,'f',NULL,'fbb68c-the-princess-margaret-countess-of-snowdon');
INSERT INTO `person` VALUES (21,'1865-06-03','1936-01-20',65,2,'m',NULL,'b667c2-king-george-v');
INSERT INTO `person` VALUES (22,'1894-06-23','1972-05-28',21,1,'m',NULL,'ae9f64-king-edward-viii');
INSERT INTO `person` VALUES (23,'1900-03-31','1974-06-10',21,3,'m',NULL,'d7f62e-the-prince-henry-duke-of-gloucester');
INSERT INTO `person` VALUES (24,'1902-12-20','1942-08-25',21,4,'m',NULL,'8ce604-the-prince-george-duke-of-kent');
INSERT INTO `person` VALUES (25,'1905-07-12','1919-01-18',21,5,'m',NULL,'b44658-prince-john');
INSERT INTO `person` VALUES (26,'1897-04-25','1965-03-25',21,6,'f',NULL,'1dc75a-the-princess-mary-princess-royal');
INSERT INTO `person` VALUES (27,'1961-11-03',NULL,20,1,'m',NULL,'13fa6f-david-armstrong-jones-earl-of-snowdon');
INSERT INTO `person` VALUES (28,'1964-05-01',NULL,20,2,'f',NULL,'1a0dbc-lady-sarah-chatto');
INSERT INTO `person` VALUES (29,'1999-07-01',NULL,27,1,'m',NULL,'8e76f4-charles-armstrong-jones-viscount-linley');
INSERT INTO `person` VALUES (30,'2002-05-14',NULL,27,2,'f',NULL,'f8d409-lady-margarita-armstrong-jones');
INSERT INTO `person` VALUES (31,'1996-07-28',NULL,28,1,'m',NULL,'8cce27-samuel-chatto');
INSERT INTO `person` VALUES (32,'1999-02-05',NULL,28,2,'m',NULL,'a6feb1-arthur-chatto');
INSERT INTO `person` VALUES (33,'1923-02-23','2011-07-11',26,1,'m',NULL,'1b0e5b-george-lascelles-the-7th-earl-of-harewood');
INSERT INTO `person` VALUES (34,'1950-10-21',NULL,33,1,'m',NULL,'c5f1e6-david-lascelles-the-8th-earl-of-harewood');
INSERT INTO `person` VALUES (35,'1953-10-05',NULL,33,2,'m',NULL,'69b892-james-lascelles');
INSERT INTO `person` VALUES (36,'1955-02-14',NULL,33,3,'m',NULL,'7f758a-jeremy-lascelles');
INSERT INTO `person` VALUES (37,'1941-12-18','1972-08-28',23,1,'m',NULL,'8cb063-prince-william-of-gloucester');
INSERT INTO `person` VALUES (38,'1944-08-26',NULL,23,2,'m',NULL,'48a2e0-prince-richard-the-duke-of-gloucester');
INSERT INTO `person` VALUES (40,'1935-10-09',NULL,24,1,'m',NULL,'5a8417-prince-edward-duke-of-kent');
INSERT INTO `person` VALUES (41,'1936-12-25',NULL,24,3,'f',NULL,'67541e-princess-alexandra-lady-ogilvy');
INSERT INTO `person` VALUES (42,'1942-07-04',NULL,24,2,'m',NULL,'8c9114-prince-michael-of-kent');
INSERT INTO `person` VALUES (43,'1962-06-26',NULL,40,1,'m',NULL,'ab8405-george-windsor-earl-of-st-andrews');
INSERT INTO `person` VALUES (44,'1964-04-28',NULL,40,3,'f',NULL,'efedc2-lady-helen-taylor');
INSERT INTO `person` VALUES (45,'1970-07-25',NULL,40,2,'m',NULL,'6cd899-lord-nicholas-windsor');
INSERT INTO `person` VALUES (46,'1964-02-29',NULL,41,1,'m',NULL,'4165b0-james-ogilvy');
INSERT INTO `person` VALUES (47,'1966-07-31',NULL,41,2,'f',NULL,'7c717d-marina-mowatt');
INSERT INTO `person` VALUES (48,'1979-04-06',NULL,42,1,'m',NULL,'e8030c-lord-frederick-windsor');
INSERT INTO `person` VALUES (49,'1981-04-23',NULL,42,2,'f',NULL,'0c034b-lady-gabriella-windsor');
INSERT INTO `person` VALUES (50,'1974-10-24',NULL,38,1,'m',NULL,'c96149-alexander-windsor-earl-of-ulster');
INSERT INTO `person` VALUES (51,'1977-11-19',NULL,38,2,'f',NULL,'a8b207-lady-davina-lewis');
INSERT INTO `person` VALUES (52,'1980-03-01',NULL,38,3,'f',NULL,'2c1064-lady-rose-gilman');
INSERT INTO `person` VALUES (53,'2007-03-12',NULL,50,1,'m',NULL,'2cf1ed-xan-windsor-lord-culloden');
INSERT INTO `person` VALUES (54,'2010-05-20',NULL,50,2,'f',NULL,'f6ea1d-lady-cosima-windsor');
INSERT INTO `person` VALUES (55,'2010-06-22',NULL,51,1,'f',NULL,'09c401-senna-lewis');
INSERT INTO `person` VALUES (56,'2012-05-25',NULL,51,2,'m',NULL,'0f841b-tane-lewis');
INSERT INTO `person` VALUES (57,'2010-05-30',NULL,52,1,'f',NULL,'6cd8c9-lyla-gilman');
INSERT INTO `person` VALUES (58,'2012-10-30',NULL,52,2,'m',NULL,'1daaec-rufus-gilman');
INSERT INTO `person` VALUES (59,'1994-08-06',NULL,44,1,'m',NULL,'38115e-columbus-taylor');
INSERT INTO `person` VALUES (60,'1996-12-26',NULL,44,2,'m',NULL,'1e7c08-cassius-taylor');
INSERT INTO `person` VALUES (61,'2003-03-02',NULL,44,3,'f',NULL,'fb7ff4-eloise-taylor');
INSERT INTO `person` VALUES (62,'2004-12-21',NULL,44,4,'f',NULL,'e56bb5-estella-taylor');
INSERT INTO `person` VALUES (63,'2013-08-15',NULL,48,1,'f',NULL,'91bce4-maud-windsor');
INSERT INTO `person` VALUES (64,'2016-01-16',NULL,48,2,'f',NULL,'e96c4b-isabella-windsor');
INSERT INTO `person` VALUES (65,'1841-11-09','1910-05-06',180,1,'m',NULL,'1a8fbd-king-edward-vii');
INSERT INTO `person` VALUES (66,'1864-01-08','1892-01-14',65,1,'m',NULL,'7ceed6-prince-albert-victor-duke-of-clarence-and-avondale');
INSERT INTO `person` VALUES (67,'1871-04-06','1871-04-07',65,3,'m',NULL,'1afea1-prince-alexander-john');
INSERT INTO `person` VALUES (68,'1867-02-20','1931-01-04',65,4,'f',NULL,'1b72d1-louise-princess-royal');
INSERT INTO `person` VALUES (69,'1868-07-06','1935-12-03',65,5,'f',NULL,'96a65a-princess-victoria');
INSERT INTO `person` VALUES (70,'1869-11-26','1938-11-20',65,6,'f',NULL,'d5b37f-maud-queen-of-norway');
INSERT INTO `person` VALUES (141,'1890-06-16','1890-06-16',68,1,'m',NULL,'390ffe-alastair-duff-marquess-of-macduff');
INSERT INTO `person` VALUES (142,'1891-05-17','1959-02-26',68,2,'f',NULL,'66315a-princess-arthur-of-connaught-duchess-of-fife');
INSERT INTO `person` VALUES (143,'1914-08-09','1943-04-26',142,1,'m',NULL,'4fbbc3-alastair-windsor-2nd-duke-of-connaught-and-strathearn');
INSERT INTO `person` VALUES (144,'1893-04-03','1945-12-14',68,3,'f',NULL,'db2f9c-princess-maud-countess-of-southesk');
INSERT INTO `person` VALUES (145,'1929-09-23','2015-06-22',144,1,'m',NULL,'6b26f1-james-carnegie-3rd-duke-of-fife');
INSERT INTO `person` VALUES (146,'1959-06-20',NULL,145,2,'f',NULL,'7e5d92-lady-alexandra-clare-carnegie');
INSERT INTO `person` VALUES (147,'2001-12-24',NULL,146,1,'f',NULL,'96d3e1-amelia-mary-carnegie-etherington');
INSERT INTO `person` VALUES (148,'1961-03-03',NULL,145,1,'m',NULL,'feb4e6-david-carnegie-4th-duke-of-fife');
INSERT INTO `person` VALUES (149,'1989-07-01',NULL,148,1,'m',NULL,'10b78f-charles-duff-carnegie-earl-of-southesk');
INSERT INTO `person` VALUES (150,'1991-03-23',NULL,148,2,'m',NULL,'0079f9-lord-george-william-carnegie');
INSERT INTO `person` VALUES (151,'1993-06-10',NULL,148,3,'m',NULL,'cc15bd-lord-hugh-alexander-carnegie');
INSERT INTO `person` VALUES (152,'1903-07-02','1991-01-17',70,1,'m',NULL,'2fede5-olaf-v-king-of-norway');
INSERT INTO `person` VALUES (153,'1930-06-09','2012-09-16',152,2,'f',NULL,'d7a42c-princess-ragnhild-of-norway');
INSERT INTO `person` VALUES (154,'1954-08-23',NULL,153,1,'m',NULL,'b9067c-haakon-lorentzen');
INSERT INTO `person` VALUES (155,'1957-02-27',NULL,153,2,'f',NULL,'3414bd-ingeborg-lorentzen');
INSERT INTO `person` VALUES (156,'1968-05-08',NULL,153,3,'f',NULL,'5bfdbb-ragnhild-lorentzen');
INSERT INTO `person` VALUES (157,'1932-02-12',NULL,152,3,'f',NULL,'1f2fa6-princess-astrid-of-norway');
INSERT INTO `person` VALUES (158,'1962-07-22',NULL,157,1,'f',NULL,'5785fe-cathrine-ferner');
INSERT INTO `person` VALUES (159,'1990-05-09',NULL,158,1,'m',NULL,'7c627e-sebastian-ferner-johansen');
INSERT INTO `person` VALUES (160,'1993-03-07',NULL,158,2,'f',NULL,'be3c42-f-madeleine-ferner-johansen');
INSERT INTO `person` VALUES (161,'1963-09-27',NULL,157,1,'m',NULL,'090d6b-benedikte-ferner');
INSERT INTO `person` VALUES (162,'1965-03-15',NULL,157,2,'m',NULL,'e6a2dc-alexander-ferner');
INSERT INTO `person` VALUES (163,'1996-03-28',NULL,162,1,'m',NULL,'bbcb9a-edward-ferner');
INSERT INTO `person` VALUES (164,'1998-04-23',NULL,162,2,'f',NULL,'6b5b7a-stella-ferner');
INSERT INTO `person` VALUES (165,'1969-03-30',NULL,157,1,'f',NULL,'8b933c-elisabeth-ferner');
INSERT INTO `person` VALUES (166,'1999-04-25',NULL,165,1,'m',NULL,'490f0a-benjamin-ferner-beckmann');
INSERT INTO `person` VALUES (167,'1972-10-22',NULL,157,1,'m',NULL,'29f7e3-carl-christian-ferner');
INSERT INTO `person` VALUES (168,'1937-02-21',NULL,152,1,'m',NULL,'5e0755-harald-v-king-of-norway');
INSERT INTO `person` VALUES (169,'1971-09-22',NULL,168,2,'f',NULL,'f04b3a-princess-martha-louise');
INSERT INTO `person` VALUES (170,'2003-04-29',NULL,169,1,'f',NULL,'b75d33-maud-angelica-behn');
INSERT INTO `person` VALUES (171,'2005-04-08',NULL,169,2,'f',NULL,'60fd74-leah-isadora-behn');
INSERT INTO `person` VALUES (172,'2008-09-29',NULL,169,3,'f',NULL,'80acd9-emma-tallulah-behn');
INSERT INTO `person` VALUES (173,'1973-07-20',NULL,168,1,'m',NULL,'511adc-crown-prince-haakon-magnus');
INSERT INTO `person` VALUES (174,'2004-01-21',NULL,173,1,'f',NULL,'6d930d-princess-ingrid-alexandra');
INSERT INTO `person` VALUES (175,'2005-12-03',NULL,173,2,'f',NULL,'0d35ef-prince-sverre-magnus');
INSERT INTO `person` VALUES (176,'1924-08-21','1998-02-27',26,2,'m',NULL,'b20846-gerald-lascelles');
INSERT INTO `person` VALUES (177,'1953-05-19',NULL,176,1,'m',NULL,'d9f391-henry-lascelles');
INSERT INTO `person` VALUES (178,'1991-12-19',NULL,177,1,'m',NULL,'8c6476-maximilian-john-gerald-lascelles');
INSERT INTO `person` VALUES (179,'1964-07-04',NULL,33,4,'m',NULL,'ace3ef-mark-lascelles');
INSERT INTO `person` VALUES (180,'1819-05-24','1901-01-22',450,1,'f',NULL,'82e1ca-queen-victoria');
INSERT INTO `person` VALUES (181,'1840-11-21','1901-08-05',180,5,'f',NULL,'3f7bad-victoria-princess-royal');
INSERT INTO `person` VALUES (182,'1859-01-27','1941-06-04',181,1,'m',NULL,'1b9b37-kaiser-wilhelm-ii');
INSERT INTO `person` VALUES (183,'1882-05-06','1951-07-20',182,1,'m',NULL,'aa9a7e-crown-prince-wilhelm');
INSERT INTO `person` VALUES (184,'1906-07-04','1940-05-26',183,1,'m',NULL,'32e285-prince-wilhelm-of-prussia');
INSERT INTO `person` VALUES (185,'1907-11-09','1994-09-26',183,2,'m',NULL,'a4c7b6-louis-ferdinand-prince-of-prussia');
INSERT INTO `person` VALUES (186,'1909-09-30','1950-04-08',183,3,'m',NULL,'3ceb03-prince-hubertus-of-prussia');
INSERT INTO `person` VALUES (187,'1911-12-19','1966-04-20',183,4,'m',NULL,'048dd6-prince-frederick-of-prussia');
INSERT INTO `person` VALUES (188,'1915-04-07','1980-10-02',183,5,'f',NULL,'fc6fc9-princess-alexandrine-of-prussia');
INSERT INTO `person` VALUES (189,'1971-09-05','1975-04-21',183,6,'f',NULL,'b17327-princess-cecilie-of-prussia');
INSERT INTO `person` VALUES (190,'1883-07-07','1942-12-08',182,2,'m',NULL,'7df6a9-prince-eitel-friedrich-of-prussia');
INSERT INTO `person` VALUES (191,'1884-07-14','1948-09-22',182,3,'m',NULL,'56dc97-prince-adalbert-of-prussia');
INSERT INTO `person` VALUES (192,'1917-09-11','1981-01-21',191,2,'f',NULL,'1d961f-princess-victoria-marina-of-prussia');
INSERT INTO `person` VALUES (193,'1919-02-15','1989-02-07',191,1,'m',NULL,'08059b-prince-wilhelm-victor-of-prussia');
INSERT INTO `person` VALUES (194,'1887-01-29','1949-03-25',182,4,'m',NULL,'6c92e1-prince-august-wilhelm-of-prussia');
INSERT INTO `person` VALUES (195,'1912-12-26','1985-06-12',194,1,'m',NULL,'001810-prince-alexander-ferdinand-of-prussia');
INSERT INTO `person` VALUES (196,'1888-07-27','1958-01-27',182,5,'m',NULL,'581d24-prince-oskar-of-prussia');
INSERT INTO `person` VALUES (197,'1915-07-12',NULL,196,1,'m',NULL,'8409bb-prince-oskar-of-prussia');
INSERT INTO `person` VALUES (198,'1917-01-08','1988-08-12',196,2,'m',NULL,'c0c113-prince-burchard-of-prussia');
INSERT INTO `person` VALUES (199,'1918-12-25','1989-03-22',196,4,'f',NULL,'7ea3a9-princess-herzeleide-of-prussia');
INSERT INTO `person` VALUES (200,'1922-01-20','2007-04-09',196,3,'m',NULL,'b36133-prince-wilhelm-karl-of-prussia');
INSERT INTO `person` VALUES (201,'1890-12-17','1920-07-18',182,6,'m',NULL,'a0a6f3-prince-joachim-of-prussia');
INSERT INTO `person` VALUES (202,'1916-12-15','1975-01-23',201,1,'m',NULL,'4babe5-prince-karl-franz-of-prussia');
INSERT INTO `person` VALUES (203,'1892-09-13','1980-12-11',182,7,'f',NULL,'ab1458-princess-victoria-louise-of-prussia');
INSERT INTO `person` VALUES (204,'1914-03-18','1987-12-09',203,1,'m',NULL,'415a9c-prince-ernest-augustus-of-hanover');
INSERT INTO `person` VALUES (205,'1915-03-25','2006-01-08',203,2,'m',NULL,'0b0662-prince-george-william-of-hanover');
INSERT INTO `person` VALUES (206,'1917-04-18','1981-02-06',203,5,'f',NULL,'455427-frederica-of-hanover');
INSERT INTO `person` VALUES (207,'1919-09-01','1981-12-10',203,3,'m',NULL,'87ecb2-prince-christian-oscar-of-hanover');
INSERT INTO `person` VALUES (208,'1923-03-11','1997-07-12',203,4,'m',NULL,'26db66-prince-welf-henry-of-hanover');
INSERT INTO `person` VALUES (209,'1860-07-24','1919-10-01',181,5,'f',NULL,'214c31-princess-charlotte-of-prussia');
INSERT INTO `person` VALUES (210,'1879-05-12','1945-08-26',209,1,'f',NULL,'a9c599-princess-feodora-of-saxe-meiningen');
INSERT INTO `person` VALUES (211,'1862-08-14','1929-04-20',181,2,'m',NULL,'4907d1-prince-henry-of-prussia');
INSERT INTO `person` VALUES (212,'1889-03-20','1945-05-02',211,1,'m',NULL,'b236d1-prince-waldemar-of-prussia');
INSERT INTO `person` VALUES (213,'1896-11-27','1978-11-14',211,2,'m',NULL,'ce2cfb-prince-sigismund-of-prussia');
INSERT INTO `person` VALUES (214,'1920-08-02','1994-05-31',213,2,'f',NULL,'84250c-princess-barbara-of-prussia');
INSERT INTO `person` VALUES (215,'1924-08-17','2013-06-05',213,1,'m',NULL,'0f16d0-prince-alfred-of-prussia');
INSERT INTO `person` VALUES (216,'1900-01-09','1904-02-26',211,3,'m',NULL,'229461-prince-henry-of-prussia');
INSERT INTO `person` VALUES (217,'1864-09-15','1866-06-18',181,3,'m',NULL,'94595f-prince-sigismund-of-prussia');
INSERT INTO `person` VALUES (218,'1866-04-12','1929-11-13',181,6,'f',NULL,'f1aebf-princess-viktoria-of-prussia');
INSERT INTO `person` VALUES (219,'1868-02-10','1879-03-27',181,4,'m',NULL,'1fc559-prince-waldemar-of-prussia');
INSERT INTO `person` VALUES (220,'1870-06-14','1932-01-13',181,7,'f',NULL,'df0b9e-sophia-of-prussia');
INSERT INTO `person` VALUES (221,'1890-07-19','1947-04-01',220,1,'m',NULL,'323ac0-george-ii-of-greece');
INSERT INTO `person` VALUES (222,'1893-08-01','1920-10-25',220,2,'m',NULL,'de55e2-alexander-of-greece');
INSERT INTO `person` VALUES (223,'1921-03-25','1993-01-30',222,1,'f',NULL,'9185f0-alexandra-of-yugoslavia');
INSERT INTO `person` VALUES (224,'1896-05-02','1982-11-28',220,4,'f',NULL,'6ceac8-helen-of-greece-and-denmark');
INSERT INTO `person` VALUES (225,'1921-10-25','2017-12-05',285,1,'m',NULL,'6e9619-michael-i-of-romania');
INSERT INTO `person` VALUES (226,'1901-12-14','1964-03-06',220,3,'m',NULL,'de78b5-paul-of-greece');
INSERT INTO `person` VALUES (227,'1938-11-02',NULL,226,2,'f',NULL,'71e5b1-queen-sofia-of-spain');
INSERT INTO `person` VALUES (228,'1940-06-02',NULL,226,1,'m',NULL,'af31e0-constantine-ii-of-greece');
INSERT INTO `person` VALUES (229,'1942-05-11',NULL,226,3,'f',NULL,'49f668-princess-irene-of-greece-and-denmark');
INSERT INTO `person` VALUES (230,'1904-02-13','1974-04-15',220,5,'f',NULL,'418adb-princess-irene-duchess-of-aosta');
INSERT INTO `person` VALUES (231,'1943-09-27',NULL,230,1,'m',NULL,'249e00-prince-amedeo-duke-of-aosta');
INSERT INTO `person` VALUES (232,'1913-05-04','2007-10-02',220,6,'f',NULL,'a3f26c-princess-katherine-of-greece-and-denmark');
INSERT INTO `person` VALUES (233,'1948-04-01',NULL,232,1,'m',NULL,'c28d52-paul-brandram');
INSERT INTO `person` VALUES (234,'1872-04-22','1954-01-22',181,8,'f',NULL,'33e86f-princess-margaret-of-prussia');
INSERT INTO `person` VALUES (235,'1893-11-24','1916-09-12',234,1,'m',NULL,'78edf7-prince-friedrich-wilhelm-of-hesse-kassel');
INSERT INTO `person` VALUES (236,'1894-10-20','1914-10-13',234,2,'m',NULL,'bd1edd-prince-maximilian-of-hesse-kassel');
INSERT INTO `person` VALUES (237,'1896-11-06','1980-10-25',234,3,'m',NULL,'1b271b-prince-philipp-of-hesse-kassel');
INSERT INTO `person` VALUES (238,'1926-08-06','2013-05-23',237,1,'m',NULL,'15427a-prince-moritz-landgrave-of-hesse');
INSERT INTO `person` VALUES (239,'1927-10-30','1999-01-31',237,2,'m',NULL,'0523da-prince-heinrich-of-hesse-kassel');
INSERT INTO `person` VALUES (240,'1937-06-03','1998-01-03',237,3,'m',NULL,'31788d-prince-otto-adolf-of-hesse-kassel');
INSERT INTO `person` VALUES (241,'1940-10-08',NULL,237,4,'f',NULL,'fe319f-princess-elisabeth-margarethe-of-hesse-kassel');
INSERT INTO `person` VALUES (242,'1896-11-06','1989-07-12',234,4,'m',NULL,'fbe78b-prince-wolfgang-of-hesse-kassel');
INSERT INTO `person` VALUES (243,'1901-05-14','1969-02-11',234,5,'m',NULL,'b547e6-prince-richard-wilhelm-leopold-of-hesse-kassel');
INSERT INTO `person` VALUES (244,'1901-05-14','1943-10-07',234,6,'m',NULL,'f4dfe3-prince-christoph-of-hesse-kassel');
INSERT INTO `person` VALUES (245,'1933-01-10','2011-11-22',244,3,'f',NULL,'42407a-princess-christina-margarethe-of-hesse');
INSERT INTO `person` VALUES (246,'1934-07-24',NULL,244,4,'f',NULL,'21519e-princess-dorothea-charlotte-karin-of-hesse');
INSERT INTO `person` VALUES (247,'1937-03-26',NULL,244,1,'m',NULL,'9caa75-prince-karl-adolf-andreas-of-hesse');
INSERT INTO `person` VALUES (248,'1939-11-18',NULL,244,2,'m',NULL,'3e161d-prince-rainer-christoph-friedrich-of-hesse');
INSERT INTO `person` VALUES (249,'1944-02-06',NULL,244,5,'f',NULL,'be29c8-princess-clarissa-alice-of-hesse');
INSERT INTO `person` VALUES (250,'1843-04-25','1878-12-14',180,6,'f',NULL,'c0c181-princess-alice-of-the-united-kingdom');
INSERT INTO `person` VALUES (251,'1863-04-05','1950-09-24',250,3,'f',NULL,'ca994e-princess-victoria-of-hesse-and-by-rhine');
INSERT INTO `person` VALUES (252,'1885-02-25','1969-12-05',251,3,'f',NULL,'29ed2e-princess-alice-of-battenberg');
INSERT INTO `person` VALUES (253,'1905-04-18','1981-04-24',252,2,'f',NULL,'cf5918-princess-margarita-of-greece-and-denmark');
INSERT INTO `person` VALUES (254,'1906-05-30','1969-10-16',252,3,'f',NULL,'7c72d1-princess-theodora-of-greece-and-denmark');
INSERT INTO `person` VALUES (255,'1911-06-22','1937-11-16',252,4,'f',NULL,'935263-princess-cecilie-of-greece-and-denmark');
INSERT INTO `person` VALUES (256,'1914-06-26','2001-11-03',252,5,'f',NULL,'35a4e1-princess-sophie-of-greece-and-denmark');
INSERT INTO `person` VALUES (257,'1921-06-10',NULL,252,1,'m',NULL,'3e2f49-prince-philip-duke-of-edinburgh');
INSERT INTO `person` VALUES (258,'1889-07-13','1965-03-07',251,4,'f',NULL,'83720a-louise-mountbatten');
INSERT INTO `person` VALUES (259,'1892-12-06','1938-04-08',251,1,'m',NULL,'8f2fb9-george-mountbatten-2nd-marquess-of-milford-haven');
INSERT INTO `person` VALUES (260,'1917-12-16','1988-05-15',259,2,'f',NULL,'880c2c-lady-tatiana-elizabeth-mountbatten');
INSERT INTO `person` VALUES (261,'1919-05-12','1970-04-14',259,1,'m',NULL,'c906ca-david-michael-mountbatten-3rd-marquess-of-milford-haven');
INSERT INTO `person` VALUES (262,'1900-06-25','1979-08-27',251,2,'m',NULL,'fa1db6-louis-mountbatten-1st-earl-mountbatten-of-burma');
INSERT INTO `person` VALUES (263,'1924-02-14','2017-06-13',262,1,'f',NULL,'58fc88-patricia-knatchbull-2nd-countess-mountbatten-of-burma');
INSERT INTO `person` VALUES (264,'1929-04-19',NULL,262,2,'f',NULL,'172171-lady-pamela-hicks');
INSERT INTO `person` VALUES (265,'1864-11-01','1918-07-18',250,4,'f',NULL,'e2bcb5-princess-elisabeth-of-hesse-and-by-rhine');
INSERT INTO `person` VALUES (266,'1866-07-11','1953-11-11',250,5,'f',NULL,'caa358-princess-irene-of-hesse-and-by-rhine');
INSERT INTO `person` VALUES (267,'1868-11-25','1937-10-09',250,1,'m',NULL,'c87a73-ernest-louis-grand-duke-of-hesse');
INSERT INTO `person` VALUES (268,'1895-03-11','1903-11-16',267,3,'f',NULL,'9a2b2a-princess-elisabeth-of-hesse-and-by-rhine');
INSERT INTO `person` VALUES (269,'1906-11-08','1937-11-16',267,1,'m',NULL,'2a0e06-georg-donatus-hereditary-grand-duke-of-hesse');
INSERT INTO `person` VALUES (270,'1931-10-25','1937-11-16',269,1,'m',NULL,'16c06d-prince-ludwig-of-hesse-and-by-rhine');
INSERT INTO `person` VALUES (271,'1933-04-14','1937-11-16',269,2,'m',NULL,'91479e-prince-alexander-of-hesse-and-by-rhine');
INSERT INTO `person` VALUES (272,'1936-09-20','1939-06-14',269,3,'f',NULL,'c62fa9-princess-johanna-of-hesse-and-by-rhine');
INSERT INTO `person` VALUES (273,'1908-11-20','1968-05-30',267,2,'m',NULL,'5b42aa-louis-prince-of-hesse-and-by-rhine');
INSERT INTO `person` VALUES (274,'1870-10-07','1873-05-29',250,2,'m',NULL,'d0364c-prince-friedrich-of-hesse-and-by-rhine');
INSERT INTO `person` VALUES (275,'1872-06-06','1918-07-17',250,6,'f',NULL,'a55c8a-alexandra-feodorovna');
INSERT INTO `person` VALUES (276,'1895-11-15','1918-07-17',275,2,'f',NULL,'0019fa-grand-duchess-olga-nikolaevna-of-russia');
INSERT INTO `person` VALUES (277,'1897-06-10','1918-07-17',275,3,'f',NULL,'589eb5-grand-duchess-tatiana-nikolaevna-of-russia');
INSERT INTO `person` VALUES (278,'1899-06-26','1918-07-17',275,4,'f',NULL,'b2dd5f-grand-duchess-maria-nikolaevna-of-russia');
INSERT INTO `person` VALUES (279,'1901-06-18','1918-07-17',275,5,'f',NULL,'b3e679-grand-duchess-anastasia-nikolaevna-of-russia');
INSERT INTO `person` VALUES (280,'1904-08-12','1918-07-17',275,1,'m',NULL,'503707-alexei-nikolaevich-tsarevich-of-russia');
INSERT INTO `person` VALUES (281,'1874-05-24','1878-11-16',250,7,'f',NULL,'325ee7-princess-marie-of-hesse-and-by-rhine');
INSERT INTO `person` VALUES (282,'1844-08-06','1900-07-30',180,2,'m',NULL,'f5c136-alfred-duke-of-saxe-coburg-and-gotha');
INSERT INTO `person` VALUES (283,'1874-10-15','1899-02-06',282,1,'m',NULL,'e06dc3-alfred-hereditary-prince-of-saxe-coburg-and-gotha');
INSERT INTO `person` VALUES (284,'1875-10-29','1938-07-18',282,2,'f',NULL,'99a757-marie-of-romania');
INSERT INTO `person` VALUES (285,'1893-10-15','1953-04-04',284,1,'m',NULL,'eae275-carol-ii-of-romania');
INSERT INTO `person` VALUES (286,'1920-08-08','2006-01-27',285,1,'m',NULL,'0e80c9-carol-lambrino');
INSERT INTO `person` VALUES (287,'1894-10-12','1956-11-14',284,3,'f',NULL,'289620-elisabeth-of-romania');
INSERT INTO `person` VALUES (288,'1900-01-06','1961-06-22',284,4,'f',NULL,'b422b8-maria-of-yugoslavia');
INSERT INTO `person` VALUES (289,'1923-09-06','1970-11-03',288,1,'m',NULL,'ef1b58-peter-ii-of-yugoslavia');
INSERT INTO `person` VALUES (290,'1928-01-19','2000-07-12',288,2,'m',NULL,'902052-prince-tomislav-of-yugoslavia');
INSERT INTO `person` VALUES (291,'1929-06-28','1990-05-07',288,3,'m',NULL,'96d8cb-prince-andrew-of-yugoslavia');
INSERT INTO `person` VALUES (292,'1903-08-05','1978-06-09',288,4,'m',NULL,'128a10-prince-nicholas-of-romania');
INSERT INTO `person` VALUES (293,'1909-01-05','1991-01-21',284,5,'f',NULL,'92f66c-princess-ileana-of-romania');
INSERT INTO `person` VALUES (294,'1932-08-05','1998-11-12',293,1,'m',NULL,'7707ae-archduke-stefan-of-austria');
INSERT INTO `person` VALUES (295,'1933-12-18','1959-01-11',293,3,'f',NULL,'240491-archduchess-maria-ileana-of-austria');
INSERT INTO `person` VALUES (296,'1935-05-21',NULL,293,4,'f',NULL,'633001-archduchess-alexandra-of-austria');
INSERT INTO `person` VALUES (297,'1937-07-04',NULL,293,2,'m',NULL,'53b84e-archduke-dominic-of-austria');
INSERT INTO `person` VALUES (298,'1939-10-02',NULL,293,5,'f',NULL,'b9520c-archduchess-maria-magdalena-of-austria');
INSERT INTO `person` VALUES (299,'1942-01-15',NULL,293,6,'f',NULL,'6aba93-archduchess-elisabeth-of-austria');
INSERT INTO `person` VALUES (300,'1913-01-03','1916-11-02',284,2,'m',NULL,'304e9c-prince-mircea-of-romania');
INSERT INTO `person` VALUES (301,'1876-11-25','1936-03-02',282,3,'f',NULL,'dad3d1-princess-victoria-melita-of-saxe-coburg-and-gotha');
INSERT INTO `person` VALUES (302,'1907-02-02','1951-10-25',301,2,'f',NULL,'e9a4c6-grand-duchess-maria-kirillovna-of-russia');
INSERT INTO `person` VALUES (303,'1926-10-18','1991-10-30',302,1,'m',NULL,'fab604-prince-emich-kirill-ferdinand-hermann-of-leiningen');
INSERT INTO `person` VALUES (304,'1928-01-02','1990-09-28',302,2,'m',NULL,'74c67d-prince-karl-vladimir-ernst-heinrich-of-leiningen');
INSERT INTO `person` VALUES (305,'1930-07-18','2005-09-24',302,5,'f',NULL,'181252-princess-kira-melita-feodora-marie-victoria-alexandra-of-leiningen');
INSERT INTO `person` VALUES (306,'1932-05-09','1996-06-16',302,6,'f',NULL,'90311e-princess-margarita-ileana-victoria-of-leiningen');
INSERT INTO `person` VALUES (307,'1936-01-02',NULL,302,7,'f',NULL,'ac38e0-princess-mechtilde-alexandra-of-leiningen');
INSERT INTO `person` VALUES (308,'1938-06-18','1998-08-29',302,3,'m',NULL,'e5dc5e-prince-friedrich-wilhelm-berthold-of-leiningen');
INSERT INTO `person` VALUES (309,'1942-12-23','1943-01-12',302,4,'m',NULL,'243ce4-prince-peter-victor-of-leiningen');
INSERT INTO `person` VALUES (310,'1909-05-09','1967-09-08',301,3,'f',NULL,'1f5aad-grand-duchess-kira-kirillovna-of-russia');
INSERT INTO `person` VALUES (311,'1939-02-09','2015-09-29',310,1,'m',NULL,'363b72-prince-friedrich-wilhelm-of-prussia');
INSERT INTO `person` VALUES (312,'1940-03-22','2014-04-03',310,2,'m',NULL,'12594a-prince-michael-of-prussia');
INSERT INTO `person` VALUES (313,'1942-05-28',NULL,310,5,'f',NULL,'32e499-princess-marie-cecile-of-prussia');
INSERT INTO `person` VALUES (314,'1943-06-27','2004-01-10',310,5,'f',NULL,'e2e401-princess-kira-of-prussia');
INSERT INTO `person` VALUES (315,'1944-08-25','1977-07-11',310,3,'m',NULL,'77a038-prince-louis-ferdinand-of-prussia');
INSERT INTO `person` VALUES (316,'1946-03-14',NULL,310,4,'m',NULL,'7cf35a-prince-christian-sigismund-of-prussia');
INSERT INTO `person` VALUES (317,'1948-12-09','1992-01-18',310,6,'f',NULL,'c02305-princess-xenia-of-prussia');
INSERT INTO `person` VALUES (318,'1917-08-30','1992-04-21',301,1,'m',NULL,'3ba5c6-grand-duke-vladimir-kirillovich-of-russia');
INSERT INTO `person` VALUES (319,'1953-12-23',NULL,318,1,'f',NULL,'1ee7e6-maria-vladimirovna-grand-duchess-of-russia');
INSERT INTO `person` VALUES (320,'1878-09-01','1942-04-16',282,4,'f',NULL,'8dfd09-princess-alexandra-of-saxe-coburg-and-gotha');
INSERT INTO `person` VALUES (321,'1897-05-24','1960-05-11',320,1,'m',NULL,'d13f5d-prince-gottfried-8th-prince-of-hohenlohe-langenburg');
INSERT INTO `person` VALUES (322,'1935-06-25','2004-03-16',321,1,'m',NULL,'78aee1-prince-kraft-alexander-ernst-ludwig-georg-emich');
INSERT INTO `person` VALUES (323,'1936-06-10','1997-11-15',321,2,'m',NULL,'aee776-princess-beatrix-alice-marie-melita-margarete-of-hohenlohe-langenburg');
INSERT INTO `person` VALUES (324,'1938-11-24',NULL,321,3,'m',NULL,'d61f3c-prince-georg-andreas-heinrich-of-hohenlohe-langenburg');
INSERT INTO `person` VALUES (325,'1944-04-07','1978-04-08',321,4,'m',NULL,'ccee0c-prince-rupprecht-sigismund-philipp-ernst-of-hohenlohe-langenburg');
INSERT INTO `person` VALUES (326,'1944-04-07','1992-04-23',321,5,'m',NULL,'0c1976-prince-albrecht-wolfgang-christoph-of-hohenlohe-langenburg');
INSERT INTO `person` VALUES (327,'1899-01-18','1967-11-08',320,3,'f',NULL,'2398b4-princess-marie-melita-of-hohenlohe-langenburg');
INSERT INTO `person` VALUES (328,'1917-05-12','1944-08-10',327,1,'m',NULL,'2062f1-hans-albrecht-hereditary-prince-of-schleswig-holstein');
INSERT INTO `person` VALUES (329,'1919-09-24','1926-06-17',327,2,'m',NULL,'6831c7-prince-wilhelm-alfred-ferdinand-of-schleswig-holstein-sonderburg-glucksburg');
INSERT INTO `person` VALUES (330,'1922-04-30','1980-09-30',327,3,'m',NULL,'b5f277-friedrich-ernst-peter-duke-of-schleswig-holstein');
INSERT INTO `person` VALUES (331,'1927-07-09','2000-12-14',327,4,'f',NULL,'a7914a-princess-marie-alexandra-of-schleswig-holstein');
INSERT INTO `person` VALUES (332,'1901-04-02','1963-10-26',320,4,'f',NULL,'f4cadc-princess-alexandra-of-hohenlohe-langenburg');
INSERT INTO `person` VALUES (333,'1902-07-04','1986-03-08',320,5,'f',NULL,'1662ce-princess-irma-of-hohenlohe-langenburg');
INSERT INTO `person` VALUES (334,'1911-04-16','1911-04-18',320,2,'m',NULL,'c483ee-prince-alfred-of-hohenlohe-langenburg');
INSERT INTO `person` VALUES (335,'1884-04-20','1966-07-13',282,5,'f',NULL,'6350cb-princess-beatrice-of-saxe-coburg-and-gotha');
INSERT INTO `person` VALUES (336,'1910-04-20','1997-08-22',335,1,'m',NULL,'c40a0c-infante-alvaro-duke-of-galliera');
INSERT INTO `person` VALUES (337,'1939-08-25',NULL,336,3,'f',NULL,'d172aa-dona-gerarda-de-orleans-borbon-y-parodi-delfino');
INSERT INTO `person` VALUES (338,'1941-08-23','1975-09-06',336,1,'m',NULL,'46fd69-don-alonso-de-orleans-borbon-y-parodi-delfino');
INSERT INTO `person` VALUES (339,'1943-04-27',NULL,336,4,'f',NULL,'175de2-dona-beatriz-de-orleans-borbon-y-parodi-delfino');
INSERT INTO `person` VALUES (340,'1947-03-01',NULL,336,2,'m',NULL,'065da9-alvaro-jaime-de-orleans-borbon-y-parodi-delfino');
INSERT INTO `person` VALUES (341,'1912-05-28','1936-11-18',335,2,'m',NULL,'c8be00-alonso-maria-cristino-justo');
INSERT INTO `person` VALUES (342,'1913-10-20','1974-10-04',335,3,'m',NULL,'727fe7-ataulfo-alejandro-isabelo-carlos');
INSERT INTO `person` VALUES (343,'1846-05-25','1923-06-09',180,7,'f',NULL,'ac6ccb-princess-helena-of-the-united-kingdom');
INSERT INTO `person` VALUES (344,'1867-04-14','1900-10-29',343,1,'m',NULL,'b3ed71-prince-christian-victor-of-schleswig-holstein');
INSERT INTO `person` VALUES (345,'1869-02-26','1931-04-27',343,2,'m',NULL,'c34cd2-albert-duke-of-schleswig-holstein');
INSERT INTO `person` VALUES (346,'1870-05-03','1948-03-13',343,4,'f',NULL,'d8fcd6-princess-helena-victoria-of-schleswig-holstein');
INSERT INTO `person` VALUES (347,'1872-08-12','1956-12-08',343,5,'f',NULL,'983e7c-princess-marie-louise-of-schleswig-holstein');
INSERT INTO `person` VALUES (348,'1876-05-12','1876-05-20',343,3,'m',NULL,'9fe4b3-prince-harald');
INSERT INTO `person` VALUES (349,'1848-03-18','1939-12-03',180,8,'f',NULL,'38c9a9-princess-louise-duchess-of-argyll');
INSERT INTO `person` VALUES (350,'1850-05-01','1942-01-16',180,3,'m',NULL,'99cdc4-prince-arthur-duke-of-connaught-and-strathearn');
INSERT INTO `person` VALUES (351,'1882-01-15','1920-05-01',350,2,'f',NULL,'378bd0-princess-margaret-of-connaught');
INSERT INTO `person` VALUES (352,'1906-04-22','1947-01-26',351,1,'m',NULL,'36bf7e-prince-gustaf-adolf-duke-of-vasterbotten');
INSERT INTO `person` VALUES (353,'1934-10-31',NULL,352,1,'f',NULL,'cd09eb-princess-margaretha');
INSERT INTO `person` VALUES (354,'1937-01-19',NULL,352,2,'f',NULL,'52a356-princess-birgitta-of-sweden');
INSERT INTO `person` VALUES (355,'1938-06-02',NULL,352,3,'f',NULL,'3241ca-princess-desiree-baroness-silfverschiold');
INSERT INTO `person` VALUES (356,'1943-08-03',NULL,352,4,'f',NULL,'20c095-princess-christina');
INSERT INTO `person` VALUES (357,'1946-04-30',NULL,352,1,'m',NULL,'70001f-carl-xvi-gustaf-of-sweden');
INSERT INTO `person` VALUES (358,'1907-06-07','2002-02-04',351,2,'m',NULL,'177ed5-sigvard-bernadotte');
INSERT INTO `person` VALUES (359,'1944-08-21',NULL,358,1,'m',NULL,'7eeea6-count-michael-sigvard-bernadotte-af-wisborg');
INSERT INTO `person` VALUES (360,'1910-03-28','2000-11-07',351,5,'f',NULL,'93d35e-ingrid-of-sweden');
INSERT INTO `person` VALUES (361,'1940-04-16',NULL,360,1,'f',NULL,'e72d08-queen-margrethe-ii-of-denmark');
INSERT INTO `person` VALUES (362,'1944-04-29',NULL,360,2,'f',NULL,'ccb926-princess-benedikte-of-denmark');
INSERT INTO `person` VALUES (363,'1946-08-30',NULL,360,3,'f',NULL,'09d75f-queen-anne-marie-of-greece');
INSERT INTO `person` VALUES (364,'1912-02-28','1997-01-05',351,3,'m',NULL,'78c735-prince-bertil-duke-of-halland');
INSERT INTO `person` VALUES (365,'1916-10-31','2012-05-05',351,4,'m',NULL,'98a174-carl-johan-bernadotte');
INSERT INTO `person` VALUES (366,'1883-01-13','1938-09-12',350,1,'m',NULL,'8b15b2-prince-arthur-of-connaught');
INSERT INTO `person` VALUES (367,'1914-08-09','1943-04-26',366,1,'m',NULL,'4fbbc3-alastair-windsor-2nd-duke-of-connaught-and-strathearn');
INSERT INTO `person` VALUES (368,'1886-03-17','1974-01-12',350,3,'f',NULL,'e16c57-princess-patricia-of-connaught');
INSERT INTO `person` VALUES (369,'1919-12-21','2000-12-20',368,1,'m',NULL,'789021-alexander-ramsay-of-mar');
INSERT INTO `person` VALUES (370,'1957-10-11',NULL,369,1,'f',NULL,'40364f-katharine-ingrid-mary-isabel-fraser-deputy-lieutenant-of-aberdeenshire');
INSERT INTO `person` VALUES (371,'1961-07-08',NULL,369,2,'f',NULL,'7b722e-alice-elizabeth-margaret-ramsay-of-mar');
INSERT INTO `person` VALUES (372,'1963-04-15',NULL,369,3,'f',NULL,'e10ec2-elizabeth-alexandra-mary-ramsay-of-mar');
INSERT INTO `person` VALUES (373,'1853-04-07','1884-03-28',180,4,'m',NULL,'bcf64a-prince-leopold-duke-of-albany');
INSERT INTO `person` VALUES (374,'1883-02-25','1981-01-03',373,2,'f',NULL,'481bd2-princess-alice-countess-of-athlone');
INSERT INTO `person` VALUES (375,'1906-01-23','1994-05-29',374,2,'f',NULL,'ef482d-lady-may-abel-smith');
INSERT INTO `person` VALUES (376,'1932-07-28',NULL,375,2,'f',NULL,'62eb22-anne-mary-sibylla-abel-smith');
INSERT INTO `person` VALUES (377,'1933-10-11','2004-12-23',375,1,'m',NULL,'d21ef0-colonel-richard-francis-abel-smith');
INSERT INTO `person` VALUES (378,'1936-09-05',NULL,375,3,'f',NULL,'03293e-elizabeth-alice-abel-smith');
INSERT INTO `person` VALUES (379,'1907-08-24','1928-04-15',374,1,'m',NULL,'836c05-rupert-cambridge-viscount-trematon');
INSERT INTO `person` VALUES (380,'1910-03-29','1910-09-14',379,1,'m',NULL,'28009f-prince-maurice-of-teck');
INSERT INTO `person` VALUES (381,'1884-07-19','1954-03-06',373,1,'m',NULL,'8335e3-charles-edward-duke-of-saxe-coburg-and-gotha');
INSERT INTO `person` VALUES (382,'1906-08-02','1972-05-04',381,1,'m',NULL,'c2f4d9-johann-leopold-hereditary-prince-of-saxe-coburg-and-gotha');
INSERT INTO `person` VALUES (383,'1933-04-05',NULL,382,3,'f',NULL,'15af59-caroline-mathilde-prinzessin-von-sachsen-coburg-und-gotha');
INSERT INTO `person` VALUES (384,'1935-01-14','1996-06-27',382,1,'m',NULL,'d7f7ad-ernst-leopold-prinz-von-sachsen-coburg-und-gotha');
INSERT INTO `person` VALUES (385,'1939-06-12',NULL,382,2,'m',NULL,'3a0811-peter-albert-prinz-von-sachsen-coburg-und-gotha');
INSERT INTO `person` VALUES (386,'1908-01-18','1972-11-28',381,4,'f',NULL,'d1a164-princess-sibylla-of-saxe-coburg-and-gotha');
INSERT INTO `person` VALUES (387,'1909-08-24','1943-11-26',381,2,'m',NULL,'962af6-prince-hubertus-of-saxe-coburg-and-gotha');
INSERT INTO `person` VALUES (388,'1912-06-22','1983-09-05',381,5,'f',NULL,'170a37-princess-caroline-mathilde-of-saxe-coburg-and-gotha');
INSERT INTO `person` VALUES (389,'1932-07-12',NULL,388,1,'m',NULL,'707e9e-count-bertram-friedrich-of-castell-rudenhausen');
INSERT INTO `person` VALUES (390,'1933-10-10','2011-10-01',388,2,'m',NULL,'9bc75a-count-conradin-friedrich-of-castell-rudenhausen');
INSERT INTO `person` VALUES (391,'1935-02-26',NULL,388,4,'f',NULL,'22ede4-countess-viktoria-adelheid-of-castell-rudenhausen');
INSERT INTO `person` VALUES (392,'1938-11-18',NULL,388,5,'f',NULL,'cef75a-calma-barbara-schnirring');
INSERT INTO `person` VALUES (393,'1940-11-22',NULL,388,6,'f',NULL,'9aa3c7-dagmar-schnirring');
INSERT INTO `person` VALUES (394,'1943-01-04','1966-02-10',388,3,'m',NULL,'8135bc-peter-michael-schnirring');
INSERT INTO `person` VALUES (395,'1918-11-29','1998-01-23',381,3,'m',NULL,'1f3df4-friedrich-josias-prince-of-saxe-coburg-and-gotha');
INSERT INTO `person` VALUES (396,'1943-03-21',NULL,395,1,'m',NULL,'68f937-andreas-prince-of-saxe-coburg-and-gotha');
INSERT INTO `person` VALUES (397,'1949-05-22','2016-02-05',395,3,'f',NULL,'f0ee95-maria-claudia-sibylla');
INSERT INTO `person` VALUES (398,'1951-07-15',NULL,395,4,'f',NULL,'5f2467-beatrice-charlotte');
INSERT INTO `person` VALUES (399,'1955-10-18','2011-08-30',395,2,'m',NULL,'b23891-prince-adrian-of-saxe-coburg-and-gotha');
INSERT INTO `person` VALUES (400,'1857-04-14','1944-10-26',180,9,'f',NULL,'3cdff2-princess-beatrice-of-the-united-kingdom');
INSERT INTO `person` VALUES (401,'1886-11-23','1960-02-23',400,1,'m',NULL,'d23dc8-alexander-mountbatten-1st-marquess-of-carisbrooke');
INSERT INTO `person` VALUES (402,'1920-01-13','1982-09-01',401,1,'f',NULL,'48bea9-lady-iris-mountbatten');
INSERT INTO `person` VALUES (403,'1957-12-20',NULL,402,1,'m',NULL,'07f6d1-robin-alexander-bryan');
INSERT INTO `person` VALUES (404,'1887-10-24','1969-04-15',400,2,'f',NULL,'391fdd-victoria-eugenie-of-battenberg');
INSERT INTO `person` VALUES (405,'1907-05-10','1938-09-06',404,1,'m',NULL,'af433e-alfonso-prince-of-asturias');
INSERT INTO `person` VALUES (406,'1908-06-23','1975-03-20',404,2,'m',NULL,'7bf9f9-infante-jaime-duke-of-segovia');
INSERT INTO `person` VALUES (407,'1936-04-20','1989-01-30',406,1,'m',NULL,'933466-alfonso-duke-of-anjou-and-cadiz');
INSERT INTO `person` VALUES (408,'1937-06-05','2000-05-27',406,2,'m',NULL,'494869-gonzalo-duke-of-aquitaine');
INSERT INTO `person` VALUES (409,'1909-06-22','2002-11-22',404,6,'f',NULL,'3a11e7-infanta-beatriz-of-spain');
INSERT INTO `person` VALUES (410,'1936-02-14','2014-12-31',409,3,'f',NULL,'de690a-princess-dona-sandra-torlonia-of-civitella-cesi');
INSERT INTO `person` VALUES (411,'1937-07-02','2014-12-05',409,1,'m',NULL,'e4dae8-marco-torlonia-6th-prince-of-civitella-cesi');
INSERT INTO `person` VALUES (412,'1939-12-13','1995-12-28',409,2,'m',NULL,'28c652-prince-don-marino-torlonia-of-civitella-cesi');
INSERT INTO `person` VALUES (413,'1943-12-27',NULL,409,4,'f',NULL,'2159e3-princess-dona-olimpia-torlonia-of-civitella-cesi');
INSERT INTO `person` VALUES (414,'1911-12-12','1996-12-23',404,7,'f',NULL,'fbb506-infanta-maria-cristina-of-spain');
INSERT INTO `person` VALUES (415,'1941-03-05',NULL,414,1,'f',NULL,'1ee94b-dona-vittoria-eugenia-alfonsa-alberta-del-pilar-enrica-paola-marone-cinzano');
INSERT INTO `person` VALUES (416,'1943-01-31',NULL,414,2,'f',NULL,'e3d89b-giovanna-paola-gabriella-marone-cinzano');
INSERT INTO `person` VALUES (417,'1945-01-04',NULL,414,3,'f',NULL,'eac119-maria-theresa-beatrice-marone-cinzano');
INSERT INTO `person` VALUES (418,'1948-12-21',NULL,414,4,'f',NULL,'302b91-anna-alessandra-marone-cinzano');
INSERT INTO `person` VALUES (419,'1913-06-20','1993-04-01',404,3,'m',NULL,'ab3f1b-infante-juan-count-of-barcelona');
INSERT INTO `person` VALUES (420,'1936-07-30',NULL,419,2,'f',NULL,'57e0a2-infanta-pilar-duchess-of-badajoz');
INSERT INTO `person` VALUES (421,'1938-01-05',NULL,419,1,'m',NULL,'cd1b47-juan-carlos-i-of-spain');
INSERT INTO `person` VALUES (422,'1939-03-06',NULL,419,3,'f',NULL,'f92434-infanta-margarita-duchess-of-soria');
INSERT INTO `person` VALUES (423,'1941-10-03','1956-03-29',419,4,'f',NULL,'47b938-infante-alfonso-of-spain');
INSERT INTO `person` VALUES (424,'1889-05-21','1922-04-23',400,4,'m',NULL,'443683-lord-leopold-mountbatten');
INSERT INTO `person` VALUES (425,'1891-10-03','1914-10-27',400,5,'m',NULL,'2e6d9c-prince-maurice-of-battenberg');
INSERT INTO `person` VALUES (426,'1994-12-15',NULL,46,2,'f',NULL,'673228-flora-ogilvy');
INSERT INTO `person` VALUES (427,'1996-11-12',NULL,46,1,'m',NULL,'9963a6-alexander-ogilvy');
INSERT INTO `person` VALUES (428,'1990-05-26',NULL,47,2,'f',NULL,'d90d27-zenouska-mowatt');
INSERT INTO `person` VALUES (429,'1993-06-04',NULL,47,1,'m',NULL,'2ba2fa-christian-mowatt');
INSERT INTO `person` VALUES (430,'1978-09-19',NULL,34,1,'m',NULL,'e1e462-benjamin-lascelles');
INSERT INTO `person` VALUES (431,'1975-11-23',NULL,34,4,'f',NULL,'29c952-lady-emily-shard');
INSERT INTO `person` VALUES (432,'1980-05-13',NULL,34,2,'m',NULL,'12f473-alexander-lascelles-viscount-lascelles');
INSERT INTO `person` VALUES (433,'1982-11-19',NULL,34,3,'m',NULL,'074e3d-edward-lascelles');
INSERT INTO `person` VALUES (434,'1973-10-01',NULL,35,3,'f',NULL,'aabd67-sophie-pearce');
INSERT INTO `person` VALUES (435,'1977-11-06',NULL,35,1,'m',NULL,'9cca96-rowan-lascelles');
INSERT INTO `person` VALUES (436,'1981-07-01',NULL,35,4,'f',NULL,'72bf3a-tanit-lascelles');
INSERT INTO `person` VALUES (437,'1985-06-08',NULL,35,2,'m',NULL,'b67ee9-tewa-lascelles');
INSERT INTO `person` VALUES (438,'1982-09-07',NULL,36,1,'m',NULL,'49ba15-thomas-lascelles');
INSERT INTO `person` VALUES (439,'1984-12-17',NULL,36,2,'f',NULL,'995ff6-ellen-lascelles');
INSERT INTO `person` VALUES (440,'1986-06-26',NULL,36,3,'f',NULL,'79e63b-amy-lascelles');
INSERT INTO `person` VALUES (441,'2005-12-01',NULL,36,4,'f',NULL,'23d22a-tallulah-lascelles');
INSERT INTO `person` VALUES (442,'1738-06-04','1820-01-29',473,1,'m',NULL,'025889-king-george-iii');
INSERT INTO `person` VALUES (443,'1762-08-12','1830-02-26',442,1,'m',NULL,'e5f5b9-king-george-iv');
INSERT INTO `person` VALUES (444,'1796-01-07','1817-11-06',443,1,'f',NULL,'2b942a-princess-charlotte-augusta-of-wales');
INSERT INTO `person` VALUES (445,'1763-08-16','1827-01-05',442,2,'m',NULL,'df16b1-prince-frederick-duke-of-york');
INSERT INTO `person` VALUES (446,'1765-08-21','1837-06-20',442,3,'m',NULL,'81ccd6-king-william-iv');
INSERT INTO `person` VALUES (447,'1819-03-27','1819-03-27',446,1,'f',NULL,'bd920b-princess-charlotte-augusta-louise-of-clarence');
INSERT INTO `person` VALUES (448,'1820-12-10','1821-03-04',446,2,'f',NULL,'3a5c01-princess-elizabeth-georgiana-adelaide-of-clarence');
INSERT INTO `person` VALUES (449,'1766-09-29','1828-10-06',442,10,'f',NULL,'79b49e-charlotte-princess-royal');
INSERT INTO `person` VALUES (450,'1767-11-02','1820-01-23',442,4,'m',NULL,'73266f-prince-edward-duke-of-kent');
INSERT INTO `person` VALUES (451,'1768-11-08','1840-09-22',442,11,'f',NULL,'088edf-princess-augusta-sophia');
INSERT INTO `person` VALUES (452,'1770-05-22','1840-01-10',442,12,'f',NULL,'72b60b-princess-elizabeth');
INSERT INTO `person` VALUES (453,'1771-06-05','1851-11-18',442,5,'m',NULL,'410146-ernest-augustus-i-of-hanover');
INSERT INTO `person` VALUES (454,'1819-05-02','1878-06-12',453,1,'m',NULL,'303be9-george-v-of-hanover');
INSERT INTO `person` VALUES (455,'1845-09-21','1923-11-14',454,1,'m',NULL,'e6ec74-ernest-augustus-crown-prince-of-hanover');
INSERT INTO `person` VALUES (456,'1848-01-09','1926-10-16',454,2,'f',NULL,'c0d9f3-princess-frederica-of-hanover');
INSERT INTO `person` VALUES (457,'1849-12-03','1904-06-04',454,3,'f',NULL,'4533ff-princess-marie-of-hanover');
INSERT INTO `person` VALUES (458,'1773-01-27','1843-04-21',442,6,'m',NULL,'6915ab-prince-augustus-duke-of-sussex');
INSERT INTO `person` VALUES (459,'1774-02-24','1850-07-08',442,7,'m',NULL,'c57243-prince-adolphus-duke-of-cambridge');
INSERT INTO `person` VALUES (460,'1819-03-28','1904-03-17',459,1,'m',NULL,'40a361-prince-george-duke-of-cambridge');
INSERT INTO `person` VALUES (461,'1822-07-19','1916-12-05',459,2,'f',NULL,'9dc037-princess-augusta-of-cambridge');
INSERT INTO `person` VALUES (462,'1848-07-22','1914-06-11',461,1,'m',NULL,'4fcadc-adolf-friedrich-v-grand-duke-of-mecklenberg-strelitz');
INSERT INTO `person` VALUES (463,'1833-11-27','1897-10-27',459,3,'f',NULL,'b42a68-princess-mary-adelaide-of-cambridge');
INSERT INTO `person` VALUES (464,'1867-05-28','1953-03-24',463,4,'f',NULL,'6de518-princess-victoria-mary-of-teck');
INSERT INTO `person` VALUES (465,'1868-08-13','1927-01-23',463,1,'m',NULL,'e52807-prince-adolphus-of-teck');
INSERT INTO `person` VALUES (466,'1870-01-09','1910-10-22',463,2,'m',NULL,'fda614-prince-francis-of-teck');
INSERT INTO `person` VALUES (467,'1874-04-14','1957-01-16',463,3,'m',NULL,'559c3c-prince-alexander-of-teck');
INSERT INTO `person` VALUES (468,'1776-04-25','1857-04-30',442,13,'f',NULL,'b002e3-princess-mary-duchess-of-gloucester');
INSERT INTO `person` VALUES (469,'1777-11-03','1848-05-27',442,14,'f',NULL,'c0a7ae-princess-sophia');
INSERT INTO `person` VALUES (470,'1779-02-23','1783-05-03',442,8,'m',NULL,'22ca11-prince-octavius');
INSERT INTO `person` VALUES (471,'1780-09-22','1782-08-02',442,9,'m',NULL,'42ac07-prince-alfred');
INSERT INTO `person` VALUES (472,'1783-08-07','1810-11-02',442,15,'f',NULL,'5ffe52-princess-amelia');
INSERT INTO `person` VALUES (473,'1707-02-01','1751-03-31',NULL,1,'m',NULL,'8c760e-frederick-prince-of-wales');
INSERT INTO `person` VALUES (474,'1737-07-31','1813-03-23',473,6,'f',NULL,'f74bb8-princess-augusta-duchess-of-brunswick');
INSERT INTO `person` VALUES (475,'1764-12-03','1788-09-27',474,5,'f',NULL,'ae1989-auguste-caroline-friederike-luise');
INSERT INTO `person` VALUES (476,'1781-09-27','1864-06-25',475,1,'m',NULL,'44f4cf-william-i-of-wurttemberg');
INSERT INTO `person` VALUES (477,'1783-02-21','1835-11-29',475,3,'f',NULL,'f68d06-catharina-of-wurttemberg');
INSERT INTO `person` VALUES (478,'1783-12-24','1784-10-03',475,4,'f',NULL,'29b558-princess-sophia-dorothea-of-wurttemberg');
INSERT INTO `person` VALUES (479,'1785-01-19','1852-04-16',475,2,'m',NULL,'ceebfc-prince-paul-of-wurttemberg');
INSERT INTO `person` VALUES (480,'1766-02-08','1806-09-20',474,1,'m',NULL,'b1141f-karl-georg-august');
INSERT INTO `person` VALUES (481,'1768-05-17','1821-08-07',474,5,'f',NULL,'4cf5c0-caroline-amalie-elisabeth');
INSERT INTO `person` VALUES (482,'1796-01-07','1817-11-06',481,1,'f',NULL,'87e6ef-princess-charlotte-of-wales');
INSERT INTO `person` VALUES (483,'1769-06-27','1811-09-16',474,2,'m',NULL,'bbd262-georg-wilhelm-christian');
INSERT INTO `person` VALUES (484,'1770-08-18','1822-12-18',474,3,'m',NULL,'a280a6-august');
INSERT INTO `person` VALUES (485,'1771-10-09','1815-06-16',474,4,'m',NULL,'d07a9f-friedrich-wilhelm');
INSERT INTO `person` VALUES (486,'1804-10-30','1873-08-18',485,1,'m',NULL,'0c339e-charles-ii-duke-of-brunswick');
INSERT INTO `person` VALUES (487,'1806-04-25','1884-10-18',485,2,'m',NULL,'e54100-william-duke-of-brunswick');
INSERT INTO `person` VALUES (488,'1772-11-22','1773-04-02',474,7,'f',NULL,'9528b6-amelie-karoline-dorothea-luise');
INSERT INTO `person` VALUES (489,'1739-03-25','1767-09-04',473,2,'m',NULL,'9b6525-prince-edward-duke-of-york');
INSERT INTO `person` VALUES (490,'1741-01-10','1759-09-04',473,7,'f',NULL,'0c633e-princess-elizabeth');
INSERT INTO `person` VALUES (491,'1743-11-25','1805-08-25',473,3,'m',NULL,'154b8f-prince-william-henry-duke-of-gloucester');
INSERT INTO `person` VALUES (492,'1773-05-29','1844-11-29',491,2,'f',NULL,'aedc7d-princess-sophia-of-gloucester');
INSERT INTO `person` VALUES (493,'1774-06-24','1775-03-14',491,3,'f',NULL,'29da92-princess-caroline-of-gloucester');
INSERT INTO `person` VALUES (494,'1776-01-15','1834-11-30',491,1,'m',NULL,'930acc-prince-william-frederick-duke-of-gloucester-and-edinburgh');
INSERT INTO `person` VALUES (495,'1745-11-07','1790-09-18',473,4,'m',NULL,'98dc6b-prince-henry-duke-of-cumberland');
INSERT INTO `person` VALUES (496,'1749-03-19','1768-05-13',473,8,'f',NULL,'57f6b0-princess-louisa');
INSERT INTO `person` VALUES (497,'1750-05-13','1765-12-29',473,5,'m',NULL,'ac01d5-prince-frederick');
INSERT INTO `person` VALUES (498,'1751-07-11','1775-05-10',473,9,'f',NULL,'e3eec4-caroline-matilda-queen-consort-of-denmark-and-norway');
INSERT INTO `person` VALUES (499,'1768-01-28','1839-12-03',498,1,'m',NULL,'6c1241-frederick-vi-of-denmark');
INSERT INTO `person` VALUES (500,'1793-10-28','1881-03-31',499,1,'f',NULL,'50abd9-princess-caroline-of-denmark');
INSERT INTO `person` VALUES (501,'1808-01-18','1891-05-30',499,2,'f',NULL,'416126-princess-vilhelmine-marie-of-denmark');
INSERT INTO `person` VALUES (502,'1771-07-07','1843-01-13',498,2,'f',NULL,'3c2c4f-princess-louise-auguste-of-denmark');
INSERT INTO `person` VALUES (503,'1796-06-28','1881-03-09',502,3,'f',NULL,'8043f1-caroline-amalie-of-augustenburg');
INSERT INTO `person` VALUES (504,'1798-07-19','1869-03-11',502,1,'m',NULL,'cbcce1-christian-august-ii-duke-of-schleswig-holstein-sonderburg-augustenburg');
INSERT INTO `person` VALUES (505,'1800-08-23','1865-07-02',502,2,'m',NULL,'35e01c-prince-frederick-of-schleswig-holstein-sonderburg-augustenburg');
INSERT INTO `person` VALUES (506,'2018-04-23',NULL,9,3,'m',NULL,'9596ae-prince-louis-of-cambridge');
INSERT INTO `person` VALUES (507,'1988-12-02',NULL,43,1,'m',NULL,'f1dbc9-edward-windsor-lord-downpatrick');
INSERT INTO `person` VALUES (508,'1992-09-30',NULL,43,2,'f',NULL,'a69de3-lady-marina-charlotte-windsor');
INSERT INTO `person` VALUES (509,'1995-08-24',NULL,43,3,'f',NULL,'761acd-lady-amelia-windsor');
INSERT INTO `person` VALUES (510,'2018-06-18',NULL,8,2,'f',NULL,'e6dd32-lena-tindall');
INSERT INTO `person` VALUES (511,'2019-05-06',NULL,10,1,'m',NULL,'68ed1b-archie-harrison-mountbatten-windsor');
/*!40000 ALTER TABLE `person` ENABLE KEYS */;
UNLOCK TABLES;

--
-- Table structure for table `sovereign`
--

DROP TABLE IF EXISTS `sovereign`;
/*!40101 SET @saved_cs_client     = @@character_set_client */;
/*!40101 SET character_set_client = utf8 */;
CREATE TABLE `sovereign` (
  `id` int(11) NOT NULL AUTO_INCREMENT,
  `start` date NOT NULL,
  `end` date DEFAULT NULL,
  `person_id` int(11) NOT NULL,
  `image` char(40) DEFAULT NULL,
  PRIMARY KEY (`id`),
  KEY `person_id` (`person_id`),
  KEY `sovereign_start` (`start`),
  KEY `sovereign_end` (`end`),
  CONSTRAINT `sovereign_ibfk_1` FOREIGN KEY (`person_id`) REFERENCES `person` (`id`)
) ENGINE=InnoDB AUTO_INCREMENT=10 DEFAULT CHARSET=utf8mb4;
/*!40101 SET character_set_client = @saved_cs_client */;

--
-- Dumping data for table `sovereign`
--

LOCK TABLES `sovereign` WRITE;
/*!40000 ALTER TABLE `sovereign` DISABLE KEYS */;
INSERT INTO `sovereign` VALUES (1,'1936-12-11','1952-02-06',1,'george-vi.jpg');
INSERT INTO `sovereign` VALUES (2,'1952-02-06',NULL,2,'elizabeth-ii.jpg');
INSERT INTO `sovereign` VALUES (3,'1936-01-20','1936-12-11',22,'edward-viii.jpg');
INSERT INTO `sovereign` VALUES (4,'1910-05-06','1936-01-20',21,'george-v.jpg');
INSERT INTO `sovereign` VALUES (5,'1901-01-22','1910-05-06',65,'edward-vii.jpg');
INSERT INTO `sovereign` VALUES (6,'1837-06-20','1901-01-22',180,'victoria.jpg');
INSERT INTO `sovereign` VALUES (7,'1803-06-26','1837-06-20',446,NULL);
INSERT INTO `sovereign` VALUES (8,'1820-01-29','1830-06-26',443,NULL);
INSERT INTO `sovereign` VALUES (9,'1760-10-25','1820-01-29',442,NULL);
/*!40000 ALTER TABLE `sovereign` ENABLE KEYS */;
UNLOCK TABLES;

--
-- Table structure for table `title`
--

DROP TABLE IF EXISTS `title`;
/*!40101 SET @saved_cs_client     = @@character_set_client */;
/*!40101 SET character_set_client = utf8 */;
CREATE TABLE `title` (
  `id` int(11) NOT NULL AUTO_INCREMENT,
  `title` varchar(255) DEFAULT NULL,
  `start` date DEFAULT NULL,
  `end` date DEFAULT NULL,
  `person_id` int(11) NOT NULL,
  `is_default` smallint(6) NOT NULL DEFAULT 0,
  PRIMARY KEY (`id`),
  KEY `person_id` (`person_id`),
  KEY `title_start` (`start`),
  KEY `title_end` (`end`),
  KEY `title_is_default` (`is_default`),
  KEY `title_person_id` (`person_id`),
  CONSTRAINT `title_ibfk_1` FOREIGN KEY (`person_id`) REFERENCES `person` (`id`)
) ENGINE=InnoDB AUTO_INCREMENT=840 DEFAULT CHARSET=utf8mb4;
/*!40101 SET character_set_client = @saved_cs_client */;

--
-- Dumping data for table `title`
--

LOCK TABLES `title` WRITE;
/*!40000 ALTER TABLE `title` DISABLE KEYS */;
INSERT INTO `title` VALUES (1,'King George VI','1936-12-11',NULL,1,1);
INSERT INTO `title` VALUES (2,'Queen Elizabeth II','1952-02-06',NULL,2,1);
INSERT INTO `title` VALUES (21,'King George V','1910-05-06',NULL,21,1);
INSERT INTO `title` VALUES (22,'King Edward VIII','1936-01-20','1936-12-12',22,1);
INSERT INTO `title` VALUES (25,'Prince John',NULL,NULL,25,1);
INSERT INTO `title` VALUES (54,'Senna Lewis',NULL,NULL,55,1);
INSERT INTO `title` VALUES (55,'Tne Lewis',NULL,NULL,56,1);
INSERT INTO `title` VALUES (56,'Lyla Gilman',NULL,NULL,57,1);
INSERT INTO `title` VALUES (57,'Rufus Gilman',NULL,NULL,58,1);
INSERT INTO `title` VALUES (58,'Columbus Taylor',NULL,NULL,59,1);
INSERT INTO `title` VALUES (59,'Cassius Taylor',NULL,NULL,60,1);
INSERT INTO `title` VALUES (60,'Eloise Taylor',NULL,NULL,61,1);
INSERT INTO `title` VALUES (61,'Estella Taylor',NULL,NULL,62,1);
INSERT INTO `title` VALUES (62,'Maud Windsor',NULL,NULL,63,1);
INSERT INTO `title` VALUES (63,'Isabella Windsor',NULL,NULL,64,1);
INSERT INTO `title` VALUES (64,'King Edward VII','1901-01-22',NULL,65,1);
INSERT INTO `title` VALUES (65,'Prince Albert Victor, Duke of Clarence and Avondale',NULL,NULL,66,1);
INSERT INTO `title` VALUES (66,'Prince Alexander John',NULL,NULL,67,1);
INSERT INTO `title` VALUES (67,'Louise, Princess Royal',NULL,NULL,68,1);
INSERT INTO `title` VALUES (68,'Princess Victoria',NULL,NULL,69,1);
INSERT INTO `title` VALUES (69,'Maud, Queen of Norway',NULL,NULL,70,1);
INSERT INTO `title` VALUES (128,'The Princess Elizabeth, Duchess of Edinburgh','1947-11-20','1952-02-06',2,0);
INSERT INTO `title` VALUES (129,'The Princess Elizabeth','1936-12-11','1947-11-20',2,0);
INSERT INTO `title` VALUES (130,'Princess Elizabeth of York','1926-04-21','1936-12-11',2,0);
INSERT INTO `title` VALUES (201,'Alastair Duff, Marquess of Macduff','1890-06-16','1890-06-17',141,1);
INSERT INTO `title` VALUES (202,'Princess Arthur of Connaught, Duchess of Fife','1891-05-17','1959-02-27',142,1);
INSERT INTO `title` VALUES (203,'Alastair Windsor, 2nd Duke of Connaught and Strathearn','1914-08-09','1943-04-27',143,1);
INSERT INTO `title` VALUES (204,'Princess Maud, Countess of Southesk','1893-04-03','1945-12-15',144,1);
INSERT INTO `title` VALUES (205,'James Carnegie, 3rd Duke of Fife','1929-09-23','2015-06-23',145,1);
INSERT INTO `title` VALUES (206,'Lady Alexandra Clare Carnegie','1959-06-20',NULL,146,1);
INSERT INTO `title` VALUES (207,'Amelia Mary Carnegie Etherington','2001-12-24',NULL,147,1);
INSERT INTO `title` VALUES (208,'David Carnegie, 4th Duke of Fife','1961-03-03',NULL,148,1);
INSERT INTO `title` VALUES (209,'Charles Duff Carnegie, Earl of Southesk','1989-07-01',NULL,149,1);
INSERT INTO `title` VALUES (210,'Lord George William Carnegie','1991-03-23',NULL,150,1);
INSERT INTO `title` VALUES (211,'Lord Hugh Alexander Carnegie','1993-06-10',NULL,151,1);
INSERT INTO `title` VALUES (212,'Olaf V, King of Norway','1903-07-02','1991-01-18',152,1);
INSERT INTO `title` VALUES (213,'Princess Ragnhild of Norway','1930-06-09','2012-09-17',153,1);
INSERT INTO `title` VALUES (214,'Haakon Lorentzen','1954-08-23',NULL,154,1);
INSERT INTO `title` VALUES (215,'Ingeborg Lorentzen','1957-02-27',NULL,155,1);
INSERT INTO `title` VALUES (216,'Ragnhild Lorentzen','1968-05-08',NULL,156,1);
INSERT INTO `title` VALUES (217,'Princess Astrid of Norway','1932-02-12',NULL,157,1);
INSERT INTO `title` VALUES (218,'Cathrine Ferner','1962-07-22',NULL,158,1);
INSERT INTO `title` VALUES (219,'Sebastian Ferner Johansen','1990-05-09',NULL,159,1);
INSERT INTO `title` VALUES (220,'F Madeleine Ferner Johansen','1993-03-07',NULL,160,1);
INSERT INTO `title` VALUES (221,'Benedikte Ferner','1963-09-27',NULL,161,1);
INSERT INTO `title` VALUES (222,'Alexander Ferner','1965-03-15',NULL,162,1);
INSERT INTO `title` VALUES (223,'Edward Ferner','1996-03-28',NULL,163,1);
INSERT INTO `title` VALUES (224,'Stella Ferner','1998-04-23',NULL,164,1);
INSERT INTO `title` VALUES (225,'Elisabeth Ferner','1969-03-30',NULL,165,1);
INSERT INTO `title` VALUES (226,'Benjamin Ferner Beckmann','1999-04-25',NULL,166,1);
INSERT INTO `title` VALUES (227,'Carl-Christian Ferner','1972-10-22',NULL,167,1);
INSERT INTO `title` VALUES (228,'Harald V, King of Norway','1937-02-21',NULL,168,1);
INSERT INTO `title` VALUES (229,'Princess Mrtha Louise','1971-09-22',NULL,169,1);
INSERT INTO `title` VALUES (230,'Maud Angelica Behn','2003-04-29',NULL,170,1);
INSERT INTO `title` VALUES (231,'Leah Isadora Behn','2005-04-08',NULL,171,1);
INSERT INTO `title` VALUES (232,'Emma Tallulah Behn','2008-09-29',NULL,172,1);
INSERT INTO `title` VALUES (233,'Crown Prince Haakon Magnus','1973-07-20',NULL,173,1);
INSERT INTO `title` VALUES (234,'Princess Ingrid Alexandra','2004-01-21',NULL,174,1);
INSERT INTO `title` VALUES (235,'Prince Sverre Magnus','2005-12-03',NULL,175,1);
INSERT INTO `title` VALUES (236,'Prince Albert, The Prince of Wales','1841-12-08','1901-01-22',65,0);
INSERT INTO `title` VALUES (237,'Prince Albert, The Duke of Cornwall',NULL,'1841-12-08',65,0);
INSERT INTO `title` VALUES (238,'Prince George, The Prince of Wales','1901-11-09','1910-05-06',21,0);
INSERT INTO `title` VALUES (239,'Prince George, The Duke of Cornwall and York','1901-01-22','1910-11-09',21,0);
INSERT INTO `title` VALUES (240,'Prince George, The Duke of York','1892-05-24','1901-01-22',21,0);
INSERT INTO `title` VALUES (241,'Prince George of Wales',NULL,'1892-05-24',21,0);
INSERT INTO `title` VALUES (242,'Prince Edward','1936-12-12','1937-03-09',22,0);
INSERT INTO `title` VALUES (243,'Prince Edward, Duke of Windsor','1937-03-09',NULL,22,0);
INSERT INTO `title` VALUES (244,'Prince Edward, The Prince of Wales','1910-06-23','1936-01-20',22,0);
INSERT INTO `title` VALUES (245,'Prince Edward, Duke of Cornwall','1910-05-06','1910-06-23',22,0);
INSERT INTO `title` VALUES (246,'Prince Edward of Wales','1901-11-09','1910-06-06',22,0);
INSERT INTO `title` VALUES (247,'Prince Edward of Cornwall and York','1901-01-22','1910-11-09',22,0);
INSERT INTO `title` VALUES (248,'Prince Edward of York','1898-05-28','1901-01-22',22,0);
INSERT INTO `title` VALUES (249,'Prince Edward of York',NULL,'1898-05-29',22,0);
INSERT INTO `title` VALUES (250,'Prince Albert, Duke of York','1920-06-04','1936-12-11',1,0);
INSERT INTO `title` VALUES (251,'Prince Albert','1910-05-06','1920-06-04',1,0);
INSERT INTO `title` VALUES (252,'Prince Albert of Wales','1901-11-09','1910-05-06',1,0);
INSERT INTO `title` VALUES (253,'Prince Albert of Cornwall and York','1901-01-22','1901-11-09',1,0);
INSERT INTO `title` VALUES (254,'Prince Albert of York',NULL,'1901-01-22',1,0);
INSERT INTO `title` VALUES (257,'Maximilian John Gerald Lascelles',NULL,NULL,178,1);
INSERT INTO `title` VALUES (334,'Prince Charles of Edinburgh',NULL,'1952-02-06',3,0);
INSERT INTO `title` VALUES (335,'The Prince Charles, Duke of Cornwall','1952-02-06','1958-07-26',3,0);
INSERT INTO `title` VALUES (336,'The Prince Charles, Prince of Wales','1958-07-26',NULL,3,1);
INSERT INTO `title` VALUES (337,'Prince William of Wales',NULL,'2011-04-29',9,0);
INSERT INTO `title` VALUES (338,'Prince William, Duke of Cambridge','2011-04-29',NULL,9,1);
INSERT INTO `title` VALUES (339,'Prince George of Cambridge',NULL,NULL,17,1);
INSERT INTO `title` VALUES (340,'Princess Charlotte of Cambridge',NULL,NULL,19,1);
INSERT INTO `title` VALUES (341,'Prince Henry of Wales',NULL,'2018-05-19',10,0);
INSERT INTO `title` VALUES (342,'Princess Anne of Edinburgh',NULL,'1952-02-06',4,0);
INSERT INTO `title` VALUES (343,'The Princess Anne','1952-02-06','1987-06-13',4,0);
INSERT INTO `title` VALUES (344,'The Princess Anne, Princess Royal','1987-06-13',NULL,4,1);
INSERT INTO `title` VALUES (345,'Peter Phillips',NULL,NULL,7,1);
INSERT INTO `title` VALUES (346,'Savannah Phillips',NULL,NULL,15,1);
INSERT INTO `title` VALUES (347,'Isla Phillips',NULL,NULL,16,1);
INSERT INTO `title` VALUES (348,'Zara Phillips',NULL,'2011-07-30',8,0);
INSERT INTO `title` VALUES (349,'Zara Tindall','2011-07-30',NULL,8,1);
INSERT INTO `title` VALUES (350,'Mia Tindall',NULL,NULL,18,1);
INSERT INTO `title` VALUES (351,'The Prince Andrew',NULL,'1986-07-23',5,0);
INSERT INTO `title` VALUES (352,'The Prince Andrew, Duke of York','1986-07-23',NULL,5,1);
INSERT INTO `title` VALUES (353,'Princess Beatrice of York',NULL,NULL,11,1);
INSERT INTO `title` VALUES (354,'Princess Eugenie of York',NULL,'2018-10-12',12,1);
INSERT INTO `title` VALUES (355,'The Prince Edward',NULL,'1999-06-19',6,0);
INSERT INTO `title` VALUES (356,'The Prince Edward, Earl of Wessex','1999-06-19',NULL,6,1);
INSERT INTO `title` VALUES (357,'Lady Louise Windsor',NULL,NULL,13,1);
INSERT INTO `title` VALUES (358,'James, Viscount Severn',NULL,NULL,14,1);
INSERT INTO `title` VALUES (359,'Princess Margaret of York',NULL,'1936-12-11',20,0);
INSERT INTO `title` VALUES (360,'The Princess Margaret','1936-12-11','1961-10-06',20,0);
INSERT INTO `title` VALUES (361,'The Princess Margaret, Countess of Snowdon','1961-10-06',NULL,20,1);
INSERT INTO `title` VALUES (362,'David Armstrong-Jones, Viscount Linley',NULL,'2017-01-13',27,0);
INSERT INTO `title` VALUES (363,'David Armstrong-Jones, Earl of Snowdon','2017-01-13',NULL,27,1);
INSERT INTO `title` VALUES (364,'Charles Armstrong-Jones',NULL,'2017-01-13',29,0);
INSERT INTO `title` VALUES (365,'Charles Armstrong-Jones, Viscount Linley','2017-01-13',NULL,29,1);
INSERT INTO `title` VALUES (366,'Margarita Armstrong-Jones',NULL,'2017-01-13',30,0);
INSERT INTO `title` VALUES (367,'Lady Margarita Armstrong-Jones','2017-01-13',NULL,30,1);
INSERT INTO `title` VALUES (368,'Lady Sarah Armstrong-Jones',NULL,'1994-07-14',28,0);
INSERT INTO `title` VALUES (369,'Lady Sarah Chatto','1994-07-14',NULL,28,1);
INSERT INTO `title` VALUES (370,'Samuel Chatto',NULL,NULL,31,1);
INSERT INTO `title` VALUES (371,'Arthur Chatto',NULL,NULL,32,1);
INSERT INTO `title` VALUES (446,'Princess Mary of York',NULL,'1901-01-22',26,0);
INSERT INTO `title` VALUES (447,'Princess Mary of Cornwall and York','1901-01-22','1901-11-09',26,0);
INSERT INTO `title` VALUES (448,'Princess Mary of Wales','1901-11-09','1910-05-06',26,0);
INSERT INTO `title` VALUES (449,'The Princess Mary','1910-05-06','1922-02-28',26,0);
INSERT INTO `title` VALUES (450,'The Princess Mary, Viscountess Lascelles','1922-02-28','1929-10-06',26,0);
INSERT INTO `title` VALUES (451,'The Princess Mary, Countess of Harewood','1929-10-06','1932-01-01',26,0);
INSERT INTO `title` VALUES (452,'The Princess Mary, Princess Royal','1932-01-01',NULL,26,1);
INSERT INTO `title` VALUES (453,'George Lascelles',NULL,'1929-10-06',33,0);
INSERT INTO `title` VALUES (454,'George Lascelles, Viscount Lascelles','1929-10-06','1947-05-24',33,0);
INSERT INTO `title` VALUES (455,'George Lascelles, The 7th Earl of Harewood','1947-05-24',NULL,33,1);
INSERT INTO `title` VALUES (456,'David Lascelles, Viscount Lascelles',NULL,'2011-07-11',34,0);
INSERT INTO `title` VALUES (457,'David Lascelles, the 8th Earl of Harewood','2011-07-11',NULL,34,1);
INSERT INTO `title` VALUES (458,'James Lascelles',NULL,NULL,35,1);
INSERT INTO `title` VALUES (459,'Jeremy Lascelles',NULL,NULL,36,1);
INSERT INTO `title` VALUES (460,'Mark Lascelles',NULL,NULL,179,1);
INSERT INTO `title` VALUES (461,'Gerald Lascelles',NULL,NULL,176,1);
INSERT INTO `title` VALUES (462,'Henry Lascelles',NULL,NULL,177,1);
INSERT INTO `title` VALUES (463,'Prince Henry of York',NULL,'1901-01-22',23,0);
INSERT INTO `title` VALUES (464,'Prince Henry of Cornwall and York','1901-01-22','1901-11-09',23,0);
INSERT INTO `title` VALUES (465,'Prince Henry of Wales','1901-11-09','1910-05-06',23,0);
INSERT INTO `title` VALUES (466,'The Prince Henry','1910-05-06','1928-03-31',23,0);
INSERT INTO `title` VALUES (467,'The Prince Henry, Duke of Gloucester','1928-03-31',NULL,23,1);
INSERT INTO `title` VALUES (468,'Prince William of Gloucester',NULL,NULL,37,1);
INSERT INTO `title` VALUES (469,'Prince Richard of Gloucester',NULL,'1974-06-10',38,0);
INSERT INTO `title` VALUES (470,'Prince Richard, The Duke of Gloucester','1974-06-10',NULL,38,1);
INSERT INTO `title` VALUES (471,'Alexander Windsor, Earl of Ulster',NULL,NULL,50,1);
INSERT INTO `title` VALUES (472,'Xan Windsor, Lord Culloden',NULL,NULL,53,1);
INSERT INTO `title` VALUES (473,'Lady Cosima Windsor',NULL,NULL,54,1);
INSERT INTO `title` VALUES (474,'Lady Davina Windsor',NULL,'2004-07-31',51,0);
INSERT INTO `title` VALUES (475,'Lady Davina Lewis','2004-07-31',NULL,51,1);
INSERT INTO `title` VALUES (476,'Lady Rose Windsor',NULL,'2008-07-19',52,0);
INSERT INTO `title` VALUES (477,'Lady Rose Gilman','2009-07-19',NULL,52,1);
INSERT INTO `title` VALUES (478,'Prince George of Wales',NULL,'1910-05-06',24,0);
INSERT INTO `title` VALUES (479,'The Prince George','1910-05-06','1934-10-12',24,0);
INSERT INTO `title` VALUES (480,'The Prince George, Duke of Kent','1934-10-12',NULL,24,1);
INSERT INTO `title` VALUES (481,'Prince Edward of Kent',NULL,'1942-08-25',40,0);
INSERT INTO `title` VALUES (482,'Prince Edward, Duke of Kent','1942-08-25',NULL,40,1);
INSERT INTO `title` VALUES (483,'George Windsor, Earl of St Andrews',NULL,NULL,43,1);
INSERT INTO `title` VALUES (484,'Lady Helen Windsor',NULL,'1992-07-18',44,0);
INSERT INTO `title` VALUES (485,'Lady Helen Taylor','1992-07-18',NULL,44,1);
INSERT INTO `title` VALUES (486,'Lord Nicholas Windsor',NULL,NULL,45,1);
INSERT INTO `title` VALUES (487,'Princess Alexandra of Kent',NULL,'1988-12-31',41,0);
INSERT INTO `title` VALUES (488,'Princess Alexandra, Lady Ogilvy','1988-12-31',NULL,41,1);
INSERT INTO `title` VALUES (489,'James Ogilvy',NULL,NULL,46,1);
INSERT INTO `title` VALUES (490,'Marina Ogilvy',NULL,'1990-02-02',47,0);
INSERT INTO `title` VALUES (491,'Marina Mowatt','1990-02-02',NULL,47,1);
INSERT INTO `title` VALUES (492,'Prince Michael of Kent',NULL,NULL,42,1);
INSERT INTO `title` VALUES (493,'Lord Frederick Windsor',NULL,NULL,48,1);
INSERT INTO `title` VALUES (494,'Lady Gabriella Windsor',NULL,NULL,49,1);
INSERT INTO `title` VALUES (495,'Queen Victoria','1837-06-20',NULL,180,1);
INSERT INTO `title` VALUES (496,'Victoria, Princess Royal',NULL,NULL,181,1);
INSERT INTO `title` VALUES (497,'Kaiser Wilhelm II',NULL,NULL,182,1);
INSERT INTO `title` VALUES (498,'Crown Prince Wilhelm',NULL,NULL,183,1);
INSERT INTO `title` VALUES (499,'Prince Wilhelm of Prussia',NULL,NULL,184,1);
INSERT INTO `title` VALUES (500,'Louis Ferdinand, Prince of Prussia',NULL,NULL,185,1);
INSERT INTO `title` VALUES (501,'Prince Hubertus of Prussia',NULL,NULL,186,1);
INSERT INTO `title` VALUES (502,'Prince Frederick of Prussia',NULL,NULL,187,1);
INSERT INTO `title` VALUES (503,'Princess Alexandrine of Prussia',NULL,NULL,188,1);
INSERT INTO `title` VALUES (504,'Princess Cecilie of Prussia',NULL,NULL,189,1);
INSERT INTO `title` VALUES (505,'Prince Eitel Friedrich of Prussia',NULL,NULL,190,1);
INSERT INTO `title` VALUES (506,'Prince Adalbert of Prussia',NULL,NULL,191,1);
INSERT INTO `title` VALUES (507,'Princess Victoria Marina of Prussia',NULL,NULL,192,1);
INSERT INTO `title` VALUES (508,'Prince Wilhelm Victor of Prussia',NULL,NULL,193,1);
INSERT INTO `title` VALUES (509,'Prince August Wilhelm of Prussia',NULL,NULL,194,1);
INSERT INTO `title` VALUES (510,'Prince Alexander Ferdinand of Prussia',NULL,NULL,195,1);
INSERT INTO `title` VALUES (511,'Prince Oskar of Prussia',NULL,NULL,196,1);
INSERT INTO `title` VALUES (512,'Prince Oskar of Prussia',NULL,NULL,197,1);
INSERT INTO `title` VALUES (513,'Prince Burchard of Prussia',NULL,NULL,198,1);
INSERT INTO `title` VALUES (514,'Princess Herzeleide of Prussia',NULL,NULL,199,1);
INSERT INTO `title` VALUES (515,'Prince Wilhelm-Karl of Prussia',NULL,NULL,200,1);
INSERT INTO `title` VALUES (516,'Prince Joachim of Prussia',NULL,NULL,201,1);
INSERT INTO `title` VALUES (517,'Prince Karl Franz of Prussia',NULL,NULL,202,1);
INSERT INTO `title` VALUES (518,'Princess Victoria Louise of Prussia',NULL,NULL,203,1);
INSERT INTO `title` VALUES (519,'Prince Ernest Augustus of Hanover',NULL,NULL,204,1);
INSERT INTO `title` VALUES (520,'Prince George William of Hanover',NULL,NULL,205,1);
INSERT INTO `title` VALUES (521,'Frederica of Hanover',NULL,NULL,206,1);
INSERT INTO `title` VALUES (522,'Prince Christian Oscar of Hanover',NULL,NULL,207,1);
INSERT INTO `title` VALUES (523,'Prince Welf Henry of Hanover',NULL,NULL,208,1);
INSERT INTO `title` VALUES (524,'Princess Charlotte of Prussia',NULL,NULL,209,1);
INSERT INTO `title` VALUES (525,'Princess Feodora of Saxe-Meiningen',NULL,NULL,210,1);
INSERT INTO `title` VALUES (526,'Prince Henry of Prussia',NULL,NULL,211,1);
INSERT INTO `title` VALUES (527,'Prince Waldemar of Prussia',NULL,NULL,212,1);
INSERT INTO `title` VALUES (528,'Prince Sigismund of Prussia',NULL,NULL,213,1);
INSERT INTO `title` VALUES (529,'Princess Barbara of Prussia',NULL,NULL,214,1);
INSERT INTO `title` VALUES (530,'Prince Alfred of Prussia',NULL,NULL,215,1);
INSERT INTO `title` VALUES (531,'Prince Henry of Prussia',NULL,NULL,216,1);
INSERT INTO `title` VALUES (532,'Prince Sigismund of Prussia',NULL,NULL,217,1);
INSERT INTO `title` VALUES (533,'Princess Viktoria of Prussia',NULL,NULL,218,1);
INSERT INTO `title` VALUES (534,'Prince Waldemar of Prussia',NULL,NULL,219,1);
INSERT INTO `title` VALUES (535,'Sophia of Prussia',NULL,NULL,220,1);
INSERT INTO `title` VALUES (536,'George II of Greece',NULL,NULL,221,1);
INSERT INTO `title` VALUES (537,'Alexander of Greece',NULL,NULL,222,1);
INSERT INTO `title` VALUES (538,'Alexandra of Yugoslavia',NULL,NULL,223,1);
INSERT INTO `title` VALUES (539,'Helen of Greece and Denmark',NULL,NULL,224,1);
INSERT INTO `title` VALUES (540,'Michael I of Romania',NULL,NULL,225,1);
INSERT INTO `title` VALUES (541,'Paul of Greece',NULL,NULL,226,1);
INSERT INTO `title` VALUES (542,'Queen Sofa of Spain',NULL,NULL,227,1);
INSERT INTO `title` VALUES (543,'Constantine II of Greece',NULL,NULL,228,1);
INSERT INTO `title` VALUES (544,'Princess Irene of Greece and Denmark',NULL,NULL,229,1);
INSERT INTO `title` VALUES (545,'Princess Irene, Duchess of Aosta',NULL,NULL,230,1);
INSERT INTO `title` VALUES (546,'Prince Amedeo, Duke of Aosta',NULL,NULL,231,1);
INSERT INTO `title` VALUES (547,'Princess Katherine of Greece and Denmark',NULL,NULL,232,1);
INSERT INTO `title` VALUES (548,'Paul Brandram',NULL,NULL,233,1);
INSERT INTO `title` VALUES (549,'Princess Margaret of Prussia',NULL,NULL,234,1);
INSERT INTO `title` VALUES (550,'Prince Friedrich Wilhelm of Hesse-Kassel',NULL,NULL,235,1);
INSERT INTO `title` VALUES (551,'Prince Maximilian of Hesse-Kassel',NULL,NULL,236,1);
INSERT INTO `title` VALUES (552,'Prince Philipp of Hesse-Kassel',NULL,NULL,237,1);
INSERT INTO `title` VALUES (553,'Prince Moritz, Landgrave of Hesse',NULL,NULL,238,1);
INSERT INTO `title` VALUES (554,'Prince Heinrich of Hesse-Kassel',NULL,NULL,239,1);
INSERT INTO `title` VALUES (555,'Prince Otto Adolf of Hesse-Kassel',NULL,NULL,240,1);
INSERT INTO `title` VALUES (556,'Princess Elisabeth Margarethe of Hesse-Kassel',NULL,NULL,241,1);
INSERT INTO `title` VALUES (557,'Prince Wolfgang of Hesse-Kassel',NULL,NULL,242,1);
INSERT INTO `title` VALUES (558,'Prince Richard Wilhelm Leopold of Hesse-Kassel',NULL,NULL,243,1);
INSERT INTO `title` VALUES (559,'Prince Christoph of Hesse-Kassel',NULL,NULL,244,1);
INSERT INTO `title` VALUES (560,'Princess Christina Margarethe of Hesse',NULL,NULL,245,1);
INSERT INTO `title` VALUES (561,'Princess Dorothea Charlotte Karin of Hesse',NULL,NULL,246,1);
INSERT INTO `title` VALUES (562,'Prince Karl Adolf Andreas of Hesse',NULL,NULL,247,1);
INSERT INTO `title` VALUES (563,'Prince Rainer Christoph Friedrich of Hesse',NULL,NULL,248,1);
INSERT INTO `title` VALUES (564,'Princess Clarissa Alice of Hesse',NULL,NULL,249,1);
INSERT INTO `title` VALUES (565,'Princess Alice of the United Kingdom',NULL,NULL,250,1);
INSERT INTO `title` VALUES (566,'Princess Victoria of Hesse and by Rhine',NULL,NULL,251,1);
INSERT INTO `title` VALUES (567,'Princess Alice of Battenberg',NULL,NULL,252,1);
INSERT INTO `title` VALUES (568,'Princess Margarita of Greece and Denmark',NULL,NULL,253,1);
INSERT INTO `title` VALUES (569,'Princess Theodora of Greece and Denmark',NULL,NULL,254,1);
INSERT INTO `title` VALUES (570,'Princess Cecilie of Greece and Denmark',NULL,NULL,255,1);
INSERT INTO `title` VALUES (571,'Princess Sophie of Greece and Denmark',NULL,NULL,256,1);
INSERT INTO `title` VALUES (572,'Prince Philip, Duke of Edinburgh',NULL,NULL,257,1);
INSERT INTO `title` VALUES (573,'Louise Mountbatten',NULL,NULL,258,1);
INSERT INTO `title` VALUES (574,'George Mountbatten, 2nd Marquess of Milford Haven',NULL,NULL,259,1);
INSERT INTO `title` VALUES (575,'Lady Tatiana Elizabeth Mountbatten',NULL,NULL,260,1);
INSERT INTO `title` VALUES (576,'David Michael Mountbatten, 3rd Marquess of Milford Haven',NULL,NULL,261,1);
INSERT INTO `title` VALUES (577,'Louis Mountbatten, 1st Earl Mountbatten of Burma',NULL,NULL,262,1);
INSERT INTO `title` VALUES (578,'Patricia Knatchbull, 2nd Countess Mountbatten of Burma',NULL,NULL,263,1);
INSERT INTO `title` VALUES (579,'Lady Pamela Hicks',NULL,NULL,264,1);
INSERT INTO `title` VALUES (580,'Princess Elisabeth of Hesse and by Rhine',NULL,NULL,265,1);
INSERT INTO `title` VALUES (581,'Princess Irene of Hesse and by Rhine',NULL,NULL,266,1);
INSERT INTO `title` VALUES (582,'Ernest Louis, Grand Duke of Hesse',NULL,NULL,267,1);
INSERT INTO `title` VALUES (583,'Princess Elisabeth of Hesse and by Rhine',NULL,NULL,268,1);
INSERT INTO `title` VALUES (584,'Georg Donatus, Hereditary Grand Duke of Hesse',NULL,NULL,269,1);
INSERT INTO `title` VALUES (585,'Prince Ludwig of Hesse and by Rhine',NULL,NULL,270,1);
INSERT INTO `title` VALUES (586,'Prince Alexander of Hesse and by Rhine',NULL,NULL,271,1);
INSERT INTO `title` VALUES (587,'Princess Johanna of Hesse and by Rhine',NULL,NULL,272,1);
INSERT INTO `title` VALUES (588,'Louis, Prince of Hesse and by Rhine',NULL,NULL,273,1);
INSERT INTO `title` VALUES (589,'Prince Friedrich of Hesse and by Rhine',NULL,NULL,274,1);
INSERT INTO `title` VALUES (590,'Alexandra Feodorovna',NULL,NULL,275,1);
INSERT INTO `title` VALUES (591,'Grand Duchess Olga Nikolaevna of Russia',NULL,NULL,276,1);
INSERT INTO `title` VALUES (592,'Grand Duchess Tatiana Nikolaevna of Russia',NULL,NULL,277,1);
INSERT INTO `title` VALUES (593,'Grand Duchess Maria Nikolaevna of Russia',NULL,NULL,278,1);
INSERT INTO `title` VALUES (594,'Grand Duchess Anastasia Nikolaevna of Russia',NULL,NULL,279,1);
INSERT INTO `title` VALUES (595,'Alexei Nikolaevich, Tsarevich of Russia',NULL,NULL,280,1);
INSERT INTO `title` VALUES (596,'Princess Marie of Hesse and by Rhine',NULL,NULL,281,1);
INSERT INTO `title` VALUES (597,'Alfred, Duke of Saxe-Coburg and Gotha',NULL,NULL,282,1);
INSERT INTO `title` VALUES (598,'Alfred, Hereditary Prince of Saxe-Coburg and Gotha',NULL,NULL,283,1);
INSERT INTO `title` VALUES (599,'Marie of Romania',NULL,NULL,284,1);
INSERT INTO `title` VALUES (600,'Carol II of Romania',NULL,NULL,285,1);
INSERT INTO `title` VALUES (601,'Carol Lambrino',NULL,NULL,286,1);
INSERT INTO `title` VALUES (602,'Elisabeth of Romania',NULL,NULL,287,1);
INSERT INTO `title` VALUES (603,'Maria of Yugoslavia',NULL,NULL,288,1);
INSERT INTO `title` VALUES (604,'Peter II of Yugoslavia',NULL,NULL,289,1);
INSERT INTO `title` VALUES (605,'Prince Tomislav of Yugoslavia',NULL,NULL,290,1);
INSERT INTO `title` VALUES (606,'Prince Andrew of Yugoslavia',NULL,NULL,291,1);
INSERT INTO `title` VALUES (607,'Prince Nicholas of Romania',NULL,NULL,292,1);
INSERT INTO `title` VALUES (608,'Princess Ileana of Romania',NULL,NULL,293,1);
INSERT INTO `title` VALUES (609,'Archduke Stefan of Austria',NULL,NULL,294,1);
INSERT INTO `title` VALUES (610,'Archduchess Maria Ileana of Austria',NULL,NULL,295,1);
INSERT INTO `title` VALUES (611,'Archduchess Alexandra of Austria',NULL,NULL,296,1);
INSERT INTO `title` VALUES (612,'Archduke Dominic of Austria',NULL,NULL,297,1);
INSERT INTO `title` VALUES (613,'Archduchess Maria Magdalena of Austria',NULL,NULL,298,1);
INSERT INTO `title` VALUES (614,'Archduchess Elisabeth of Austria',NULL,NULL,299,1);
INSERT INTO `title` VALUES (615,'Prince Mircea of Romania',NULL,NULL,300,1);
INSERT INTO `title` VALUES (616,'Princess Victoria Melita of Saxe-Coburg and Gotha',NULL,NULL,301,1);
INSERT INTO `title` VALUES (617,'Grand Duchess Maria Kirillovna of Russia',NULL,NULL,302,1);
INSERT INTO `title` VALUES (618,'Prince Emich Kirill Ferdinand Hermann of Leiningen',NULL,NULL,303,1);
INSERT INTO `title` VALUES (619,'Prince Karl Vladimir Ernst Heinrich of Leiningen',NULL,NULL,304,1);
INSERT INTO `title` VALUES (620,'Princess Kira Melita Feodora Marie Victoria Alexandra of Leiningen',NULL,NULL,305,1);
INSERT INTO `title` VALUES (621,'Princess Margarita Ileana Victoria of Leiningen',NULL,NULL,306,1);
INSERT INTO `title` VALUES (622,'Princess Mechtilde Alexandra of Leiningen',NULL,NULL,307,1);
INSERT INTO `title` VALUES (623,'Prince Friedrich Wilhelm Berthold of Leiningen',NULL,NULL,308,1);
INSERT INTO `title` VALUES (624,'Prince Peter Victor of Leiningen',NULL,NULL,309,1);
INSERT INTO `title` VALUES (625,'Grand Duchess Kira Kirillovna of Russia',NULL,NULL,310,1);
INSERT INTO `title` VALUES (626,'Prince Friedrich Wilhelm of Prussia',NULL,NULL,311,1);
INSERT INTO `title` VALUES (627,'Prince Michael of Prussia',NULL,NULL,312,1);
INSERT INTO `title` VALUES (628,'Princess Marie Ccile of Prussia',NULL,NULL,313,1);
INSERT INTO `title` VALUES (629,'Princess Kira of Prussia',NULL,NULL,314,1);
INSERT INTO `title` VALUES (630,'Prince Louis Ferdinand of Prussia',NULL,NULL,315,1);
INSERT INTO `title` VALUES (631,'Prince Christian-Sigismund of Prussia',NULL,NULL,316,1);
INSERT INTO `title` VALUES (632,'Princess Xenia of Prussia',NULL,NULL,317,1);
INSERT INTO `title` VALUES (633,'Grand Duke Vladimir Kirillovich of Russia',NULL,NULL,318,1);
INSERT INTO `title` VALUES (634,'Maria Vladimirovna, Grand Duchess of Russia',NULL,NULL,319,1);
INSERT INTO `title` VALUES (635,'Princess Alexandra of Saxe-Coburg and Gotha',NULL,NULL,320,1);
INSERT INTO `title` VALUES (636,'Prince Gottfried, 8th Prince of Hohenlohe-Langenburg',NULL,NULL,321,1);
INSERT INTO `title` VALUES (637,'Prince Kraft Alexander Ernst Ludwig Georg Emich',NULL,NULL,322,1);
INSERT INTO `title` VALUES (638,'Princess Beatrix Alice Marie Melita Margarete of Hohenlohe-Langenburg',NULL,NULL,323,1);
INSERT INTO `title` VALUES (639,'Prince Georg Andreas Heinrich of Hohenlohe-Langenburg',NULL,NULL,324,1);
INSERT INTO `title` VALUES (640,'Prince Rupprecht Sigismund Philipp Ernst of Hohenlohe-Langenburg',NULL,NULL,325,1);
INSERT INTO `title` VALUES (641,'Prince Albrecht Wolfgang Christoph of Hohenlohe-Langenburg',NULL,NULL,326,1);
INSERT INTO `title` VALUES (642,'Princess Marie Melita of Hohenlohe-Langenburg',NULL,NULL,327,1);
INSERT INTO `title` VALUES (643,'Hans Albrecht, Hereditary Prince of Schleswig-Holstein',NULL,NULL,328,1);
INSERT INTO `title` VALUES (644,'Prince Wilhelm Alfred Ferdinand of Schleswig-Holstein-Sonderburg-Glcksburg',NULL,NULL,329,1);
INSERT INTO `title` VALUES (645,'Friedrich Ernst Peter, Duke of Schleswig-Holstein',NULL,NULL,330,1);
INSERT INTO `title` VALUES (646,'Princess Marie Alexandra of Schleswig-Holstein',NULL,NULL,331,1);
INSERT INTO `title` VALUES (647,'Princess Alexandra of Hohenlohe-Langenburg',NULL,NULL,332,1);
INSERT INTO `title` VALUES (648,'Princess Irma of Hohenlohe-Langenburg',NULL,NULL,333,1);
INSERT INTO `title` VALUES (649,'Prince Alfred of Hohenlohe-Langenburg',NULL,NULL,334,1);
INSERT INTO `title` VALUES (650,'Princess Beatrice of Saxe-Coburg and Gotha',NULL,NULL,335,1);
INSERT INTO `title` VALUES (651,'Infante Alvaro, Duke of Galliera',NULL,NULL,336,1);
INSERT INTO `title` VALUES (652,'Doa Gerarda de Orlans-Borbn y Parodi Delfino',NULL,NULL,337,1);
INSERT INTO `title` VALUES (653,'Don Alonso de Orlans-Borbn y Parodi Delfino',NULL,NULL,338,1);
INSERT INTO `title` VALUES (654,'Doa Beatriz de Orlans-Borbn y Parodi Delfino',NULL,NULL,339,1);
INSERT INTO `title` VALUES (655,'Alvaro-Jaime de Orlans-Borbn y Parodi Delfino',NULL,NULL,340,1);
INSERT INTO `title` VALUES (656,'Alonso Mara Cristino Justo',NULL,NULL,341,1);
INSERT INTO `title` VALUES (657,'Atalfo Alejandro Isabelo Carlos',NULL,NULL,342,1);
INSERT INTO `title` VALUES (658,'Princess Helena of the United Kingdom',NULL,NULL,343,1);
INSERT INTO `title` VALUES (659,'Prince Christian Victor of Schleswig-Holstein',NULL,NULL,344,1);
INSERT INTO `title` VALUES (660,'Albert, Duke of Schleswig-Holstein',NULL,NULL,345,1);
INSERT INTO `title` VALUES (661,'Princess Helena Victoria of Schleswig-Holstein',NULL,NULL,346,1);
INSERT INTO `title` VALUES (662,'Princess Marie Louise of Schleswig-Holstein',NULL,NULL,347,1);
INSERT INTO `title` VALUES (663,'Prince Harald',NULL,NULL,348,1);
INSERT INTO `title` VALUES (664,'Princess Louise, Duchess of Argyll',NULL,NULL,349,1);
INSERT INTO `title` VALUES (665,'Prince Arthur, Duke of Connaught and Strathearn',NULL,NULL,350,1);
INSERT INTO `title` VALUES (666,'Princess Margaret of Connaught',NULL,NULL,351,1);
INSERT INTO `title` VALUES (667,'Prince Gustaf Adolf, Duke of Vsterbotten',NULL,NULL,352,1);
INSERT INTO `title` VALUES (668,'Princess Margaretha',NULL,NULL,353,1);
INSERT INTO `title` VALUES (669,'Princess Birgitta of Sweden',NULL,NULL,354,1);
INSERT INTO `title` VALUES (670,'Princess Dsire, Baroness Silfverschild',NULL,NULL,355,1);
INSERT INTO `title` VALUES (671,'Princess Christina',NULL,NULL,356,1);
INSERT INTO `title` VALUES (672,'Carl XVI Gustaf of Sweden',NULL,NULL,357,1);
INSERT INTO `title` VALUES (673,'Sigvard Bernadotte',NULL,NULL,358,1);
INSERT INTO `title` VALUES (674,'Count Michael Sigvard Bernadotte af Wisborg',NULL,NULL,359,1);
INSERT INTO `title` VALUES (675,'Ingrid of Sweden',NULL,NULL,360,1);
INSERT INTO `title` VALUES (676,'Queen Margrethe II of Denmark',NULL,NULL,361,1);
INSERT INTO `title` VALUES (677,'Princess Benedikte of Denmark',NULL,NULL,362,1);
INSERT INTO `title` VALUES (678,'Queen Anne-Marie of Greece',NULL,NULL,363,1);
INSERT INTO `title` VALUES (679,'Prince Bertil, Duke of Halland',NULL,NULL,364,1);
INSERT INTO `title` VALUES (680,'Carl Johan Bernadotte',NULL,NULL,365,1);
INSERT INTO `title` VALUES (681,'Prince Arthur of Connaught',NULL,NULL,366,1);
INSERT INTO `title` VALUES (682,'Alastair Windsor, 2nd Duke of Connaught and Strathearn',NULL,NULL,367,1);
INSERT INTO `title` VALUES (683,'Princess Patricia of Connaught',NULL,NULL,368,1);
INSERT INTO `title` VALUES (684,'Alexander Ramsay of Mar',NULL,NULL,369,1);
INSERT INTO `title` VALUES (685,'Katharine Ingrid Mary Isabel Fraser, Deputy Lieutenant of Aberdeenshire',NULL,NULL,370,1);
INSERT INTO `title` VALUES (686,'Alice Elizabeth Margaret Ramsay of Mar',NULL,NULL,371,1);
INSERT INTO `title` VALUES (687,'Elizabeth Alexandra Mary Ramsay of Mar',NULL,NULL,372,1);
INSERT INTO `title` VALUES (688,'Prince Leopold, Duke of Albany',NULL,NULL,373,1);
INSERT INTO `title` VALUES (689,'Princess Alice, Countess of Athlone',NULL,NULL,374,1);
INSERT INTO `title` VALUES (690,'Lady May Abel Smith',NULL,NULL,375,1);
INSERT INTO `title` VALUES (691,'Anne Mary Sibylla Abel Smith',NULL,NULL,376,1);
INSERT INTO `title` VALUES (692,'Colonel Richard Francis Abel Smith',NULL,NULL,377,1);
INSERT INTO `title` VALUES (693,'Elizabeth Alice Abel Smith',NULL,NULL,378,1);
INSERT INTO `title` VALUES (694,'Rupert Cambridge, Viscount Trematon',NULL,NULL,379,1);
INSERT INTO `title` VALUES (695,'Prince Maurice of Teck',NULL,NULL,380,1);
INSERT INTO `title` VALUES (696,'Charles Edward, Duke of Saxe-Coburg and Gotha',NULL,NULL,381,1);
INSERT INTO `title` VALUES (697,'Johann Leopold, Hereditary Prince of Saxe-Coburg and Gotha',NULL,NULL,382,1);
INSERT INTO `title` VALUES (698,'Caroline Mathilde Prinzessin von Sachsen-Coburg und Gotha',NULL,NULL,383,1);
INSERT INTO `title` VALUES (699,'Ernst Leopold Prinz von Sachsen-Coburg und Gotha',NULL,NULL,384,1);
INSERT INTO `title` VALUES (700,'Peter Albert Prinz von Sachsen-Coburg und Gotha',NULL,NULL,385,1);
INSERT INTO `title` VALUES (701,'Princess Sibylla of Saxe-Coburg and Gotha',NULL,NULL,386,1);
INSERT INTO `title` VALUES (702,'Prince Hubertus of Saxe-Coburg and Gotha',NULL,NULL,387,1);
INSERT INTO `title` VALUES (703,'Princess Caroline Mathilde of Saxe-Coburg and Gotha',NULL,NULL,388,1);
INSERT INTO `title` VALUES (704,'Count Bertram Friedrich of Castell-Rdenhausen',NULL,NULL,389,1);
INSERT INTO `title` VALUES (705,'Count Conradin Friedrich of Castell-Rdenhausen',NULL,NULL,390,1);
INSERT INTO `title` VALUES (706,'Countess Viktoria Adelheid of Castell-Rdenhausen',NULL,NULL,391,1);
INSERT INTO `title` VALUES (707,'Calma Barbara Schnirring',NULL,NULL,392,1);
INSERT INTO `title` VALUES (708,'Dagmar Schnirring',NULL,NULL,393,1);
INSERT INTO `title` VALUES (709,'Peter Michael Schnirring',NULL,NULL,394,1);
INSERT INTO `title` VALUES (710,'Friedrich Josias, Prince of Saxe-Coburg and Gotha',NULL,NULL,395,1);
INSERT INTO `title` VALUES (711,'Andreas, Prince of Saxe-Coburg and Gotha',NULL,NULL,396,1);
INSERT INTO `title` VALUES (712,'Maria Claudia Sibylla',NULL,NULL,397,1);
INSERT INTO `title` VALUES (713,'Beatrice Charlotte',NULL,NULL,398,1);
INSERT INTO `title` VALUES (714,'Prince Adrian of Saxe-Coburg and Gotha',NULL,NULL,399,1);
INSERT INTO `title` VALUES (715,'Princess Beatrice of the United Kingdom',NULL,NULL,400,1);
INSERT INTO `title` VALUES (716,'Alexander Mountbatten, 1st Marquess of Carisbrooke',NULL,NULL,401,1);
INSERT INTO `title` VALUES (717,'Lady Iris Mountbatten',NULL,NULL,402,1);
INSERT INTO `title` VALUES (718,'Robin Alexander Bryan',NULL,NULL,403,1);
INSERT INTO `title` VALUES (719,'Victoria Eugenie of Battenberg',NULL,NULL,404,1);
INSERT INTO `title` VALUES (720,'Alfonso, Prince of Asturias',NULL,NULL,405,1);
INSERT INTO `title` VALUES (721,'Infante Jaime, Duke of Segovia',NULL,NULL,406,1);
INSERT INTO `title` VALUES (722,'Alfonso, Duke of Anjou and Cdiz',NULL,NULL,407,1);
INSERT INTO `title` VALUES (723,'Gonzalo, Duke of Aquitaine',NULL,NULL,408,1);
INSERT INTO `title` VALUES (724,'Infanta Beatriz of Spain',NULL,NULL,409,1);
INSERT INTO `title` VALUES (725,'Princess Doa Sandra Torlonia of Civitella-Cesi',NULL,NULL,410,1);
INSERT INTO `title` VALUES (726,'Marco Torlonia, 6th Prince of Civitella-Cesi',NULL,NULL,411,1);
INSERT INTO `title` VALUES (727,'Prince Don Marino Torlonia of Civitella-Cesi',NULL,NULL,412,1);
INSERT INTO `title` VALUES (728,'Princess Doa Olimpia Torlonia of Civitella-Cesi',NULL,NULL,413,1);
INSERT INTO `title` VALUES (729,'Infanta Maria Cristina of Spain',NULL,NULL,414,1);
INSERT INTO `title` VALUES (730,'Doa Vittoria Eugenia Alfonsa Alberta del Pilar Enrica Paola Marone-Cinzano',NULL,NULL,415,1);
INSERT INTO `title` VALUES (731,'Giovanna Paola Gabriella Marone-Cinzano',NULL,NULL,416,1);
INSERT INTO `title` VALUES (732,'Mara Theresa Beatrice Marone-Cinzano',NULL,NULL,417,1);
INSERT INTO `title` VALUES (733,'Anna Alessandra Marone-Cinzano',NULL,NULL,418,1);
INSERT INTO `title` VALUES (734,'Infante Juan, Count of Barcelona',NULL,NULL,419,1);
INSERT INTO `title` VALUES (735,'Infanta Pilar, Duchess of Badajoz',NULL,NULL,420,1);
INSERT INTO `title` VALUES (736,'Juan Carlos I of Spain',NULL,NULL,421,1);
INSERT INTO `title` VALUES (737,'Infanta Margarita, Duchess of Soria',NULL,NULL,422,1);
INSERT INTO `title` VALUES (738,'Infante Alfonso of Spain',NULL,NULL,423,1);
INSERT INTO `title` VALUES (739,'Lord Leopold Mountbatten',NULL,NULL,424,1);
INSERT INTO `title` VALUES (740,'Prince Maurice of Battenberg',NULL,NULL,425,1);
INSERT INTO `title` VALUES (741,'Princess Alexandrina Victoria of Kent',NULL,'1837-06-20',180,0);
INSERT INTO `title` VALUES (742,'Flora Ogilvy',NULL,NULL,426,1);
INSERT INTO `title` VALUES (743,'Alexander Ogilvy',NULL,NULL,427,1);
INSERT INTO `title` VALUES (744,'Zenouska Mowatt',NULL,NULL,428,1);
INSERT INTO `title` VALUES (745,'Christian Mowatt',NULL,NULL,429,1);
INSERT INTO `title` VALUES (746,'Benjamin Lascelles',NULL,NULL,430,1);
INSERT INTO `title` VALUES (747,'Lady Emily Shard','2008-06-30',NULL,431,1);
INSERT INTO `title` VALUES (748,'Alexander Lascelles',NULL,'2011-07-01',432,0);
INSERT INTO `title` VALUES (749,'Edward Lascelles',NULL,NULL,433,1);
INSERT INTO `title` VALUES (750,'Sophie Pearce','2011-06-11',NULL,434,1);
INSERT INTO `title` VALUES (751,'Rowan Lascelles',NULL,NULL,435,1);
INSERT INTO `title` VALUES (752,'Tanit Lascelles',NULL,NULL,436,1);
INSERT INTO `title` VALUES (753,'Tewa Lascelles',NULL,NULL,437,1);
INSERT INTO `title` VALUES (754,'Thomas Lascelles',NULL,NULL,438,1);
INSERT INTO `title` VALUES (755,'Ellen Lascelles',NULL,NULL,439,1);
INSERT INTO `title` VALUES (756,'Amy Lascelles',NULL,NULL,440,1);
INSERT INTO `title` VALUES (757,'Tallulah Lascelles',NULL,NULL,441,1);
INSERT INTO `title` VALUES (758,'Alexander Lascelles, Viscount Lascelles','2011-07-01',NULL,432,1);
INSERT INTO `title` VALUES (760,'Sophie Lascelles',NULL,'2011-07-01',434,0);
INSERT INTO `title` VALUES (761,'Lady Emily Lascelles',NULL,'2008-06-30',431,0);
INSERT INTO `title` VALUES (762,'King George III','1760-10-25',NULL,442,1);
INSERT INTO `title` VALUES (763,'King George IV','1820-01-29',NULL,443,1);
INSERT INTO `title` VALUES (764,'Princess Charlotte Augusta of Wales',NULL,NULL,444,1);
INSERT INTO `title` VALUES (765,'Prince Frederick, Duke of York',NULL,NULL,445,1);
INSERT INTO `title` VALUES (766,'King William IV','1830-06-26',NULL,446,1);
INSERT INTO `title` VALUES (767,'Princess Charlotte Augusta Louise of Clarence',NULL,NULL,447,1);
INSERT INTO `title` VALUES (768,'Princess Elizabeth Georgiana Adelaide of Clarence',NULL,NULL,448,1);
INSERT INTO `title` VALUES (769,'Charlotte, Princess Royal',NULL,NULL,449,1);
INSERT INTO `title` VALUES (770,'Prince Edward, Duke of Kent',NULL,NULL,450,1);
INSERT INTO `title` VALUES (771,'Princess Augusta Sophia',NULL,NULL,451,1);
INSERT INTO `title` VALUES (772,'Princess Elizabeth',NULL,NULL,452,1);
INSERT INTO `title` VALUES (773,'Ernest Augustus I of Hanover',NULL,NULL,453,1);
INSERT INTO `title` VALUES (774,'George V of Hanover',NULL,NULL,454,1);
INSERT INTO `title` VALUES (775,'Ernest Augustus, Crown Prince of Hanover',NULL,NULL,455,1);
INSERT INTO `title` VALUES (776,'Princess Frederica of Hanover',NULL,NULL,456,1);
INSERT INTO `title` VALUES (777,'Princess Marie of Hanover',NULL,NULL,457,1);
INSERT INTO `title` VALUES (778,'Prince Augustus, Duke of Sussex',NULL,NULL,458,1);
INSERT INTO `title` VALUES (779,'Prince Adolphus, Duke of Cambridge',NULL,NULL,459,1);
INSERT INTO `title` VALUES (780,'Prince George, Duke of Cambridge',NULL,NULL,460,1);
INSERT INTO `title` VALUES (781,'Princess Augusta of Cambridge',NULL,NULL,461,1);
INSERT INTO `title` VALUES (782,'Adolf Friedrich V, Grand Duke of Mecklenberg-Strelitz',NULL,NULL,462,1);
INSERT INTO `title` VALUES (783,'Princess Mary Adelaide of Cambridge',NULL,NULL,463,1);
INSERT INTO `title` VALUES (784,'Princess Victoria Mary of Teck',NULL,NULL,464,1);
INSERT INTO `title` VALUES (785,'Prince Adolphus of Teck',NULL,NULL,465,1);
INSERT INTO `title` VALUES (786,'Prince Francis of Teck',NULL,NULL,466,1);
INSERT INTO `title` VALUES (787,'Prince Alexander of Teck',NULL,NULL,467,1);
INSERT INTO `title` VALUES (788,'Princess Mary, Duchess of Gloucester',NULL,NULL,468,1);
INSERT INTO `title` VALUES (789,'Princess Sophia',NULL,NULL,469,1);
INSERT INTO `title` VALUES (790,'Prince Octavius',NULL,NULL,470,1);
INSERT INTO `title` VALUES (791,'Prince Alfred',NULL,NULL,471,1);
INSERT INTO `title` VALUES (792,'Princess Amelia',NULL,NULL,472,1);
INSERT INTO `title` VALUES (793,'Prince George','1738-06-04','1751-03-31',442,0);
INSERT INTO `title` VALUES (794,'Prince George, The Duke of Edinburgh','1751-03-31','1751-04-20',442,0);
INSERT INTO `title` VALUES (795,'Prince George, The Prince of Wales','1751-03-31','1760-10-25',442,0);
INSERT INTO `title` VALUES (796,'Prince George, The Prince of Wales','1762-08-12','1820-01-29',443,0);
INSERT INTO `title` VALUES (797,'The Prince William Henry','1765-08-21','1789-05-16',446,0);
INSERT INTO `title` VALUES (798,'The Prince William, Duke of Clarence and St Andrews','1789-05-16','1830-06-26',446,0);
INSERT INTO `title` VALUES (799,'Frederick, Prince of Wales',NULL,NULL,473,1);
INSERT INTO `title` VALUES (800,'Princess Augusta, Duchess of Brunswick',NULL,NULL,474,1);
INSERT INTO `title` VALUES (801,'Auguste Caroline Friederike Luise',NULL,NULL,475,1);
INSERT INTO `title` VALUES (802,'William I of Wrttemberg',NULL,NULL,476,1);
INSERT INTO `title` VALUES (803,'Catharina of Wrttemberg',NULL,NULL,477,1);
INSERT INTO `title` VALUES (804,'Princess Sophia Dorothea of Wrttemberg',NULL,NULL,478,1);
INSERT INTO `title` VALUES (805,'Prince Paul of Wrttemberg',NULL,NULL,479,1);
INSERT INTO `title` VALUES (806,'Karl Georg August',NULL,NULL,480,1);
INSERT INTO `title` VALUES (807,'Caroline Amalie Elisabeth',NULL,NULL,481,1);
INSERT INTO `title` VALUES (808,'Princess Charlotte of Wales',NULL,NULL,482,1);
INSERT INTO `title` VALUES (809,'Georg Wilhelm Christian',NULL,NULL,483,1);
INSERT INTO `title` VALUES (810,'August',NULL,NULL,484,1);
INSERT INTO `title` VALUES (811,'Friedrich Wilhelm',NULL,NULL,485,1);
INSERT INTO `title` VALUES (812,'Charles II, Duke of Brunswick',NULL,NULL,486,1);
INSERT INTO `title` VALUES (813,'William, Duke of Brunswick',NULL,NULL,487,1);
INSERT INTO `title` VALUES (814,'Amelie Karoline Dorothea Luise',NULL,NULL,488,1);
INSERT INTO `title` VALUES (815,'Prince Edward, Duke of York',NULL,NULL,489,1);
INSERT INTO `title` VALUES (816,'Princess Elizabeth',NULL,NULL,490,1);
INSERT INTO `title` VALUES (817,'Prince William Henry, Duke of Gloucester',NULL,NULL,491,1);
INSERT INTO `title` VALUES (818,'Princess Sophia of Gloucester',NULL,NULL,492,1);
INSERT INTO `title` VALUES (819,'Princess Caroline of Gloucester',NULL,NULL,493,1);
INSERT INTO `title` VALUES (820,'Prince William Frederick, Duke of Gloucester and Edinburgh',NULL,NULL,494,1);
INSERT INTO `title` VALUES (821,'Prince Henry, Duke of Cumberland',NULL,NULL,495,1);
INSERT INTO `title` VALUES (822,'Princess Louisa',NULL,NULL,496,1);
INSERT INTO `title` VALUES (823,'Prince Frederick',NULL,NULL,497,1);
INSERT INTO `title` VALUES (824,'Caroline Matilda, Queen-consort of Denmark and Norway',NULL,NULL,498,1);
INSERT INTO `title` VALUES (825,'Frederick VI of Denmark',NULL,NULL,499,1);
INSERT INTO `title` VALUES (826,'Princess Caroline of Denmark',NULL,NULL,500,1);
INSERT INTO `title` VALUES (827,'Princess Vilhelmine Marie of Denmark',NULL,NULL,501,1);
INSERT INTO `title` VALUES (828,'Princess Louise Auguste of Denmark',NULL,NULL,502,1);
INSERT INTO `title` VALUES (829,'Caroline Amalie of Augustenburg',NULL,NULL,503,1);
INSERT INTO `title` VALUES (830,'Christian August II, Duke of Schleswig-Holstein-Sonderburg-Augustenburg',NULL,NULL,504,1);
INSERT INTO `title` VALUES (831,'Prince Frederick of Schleswig-Holstein-Sonderburg-Augustenburg',NULL,NULL,505,1);
INSERT INTO `title` VALUES (832,'Prince Louis of Cambridge',NULL,NULL,506,1);
INSERT INTO `title` VALUES (833,'Edward Windsor, Lord Downpatrick',NULL,NULL,507,1);
INSERT INTO `title` VALUES (834,'Lady Marina Charlotte Windsor',NULL,NULL,508,1);
INSERT INTO `title` VALUES (835,'Lady Amelia Windsor',NULL,NULL,509,1);
INSERT INTO `title` VALUES (836,'Prince Henry, Duke of Sussex','2018-05-19',NULL,10,1);
INSERT INTO `title` VALUES (837,'Lena Tindall',NULL,NULL,510,1);
INSERT INTO `title` VALUES (838,'Archie Harrison Mountbatten-Windsor',NULL,NULL,511,1);
INSERT INTO `title` VALUES (839,'Princess Eugenie, Mrs Jack Brooksbank','2018-10-12',NULL,12,0);
/*!40000 ALTER TABLE `title` ENABLE KEYS */;
UNLOCK TABLES;
/*!40103 SET TIME_ZONE=@OLD_TIME_ZONE */;

/*!40101 SET SQL_MODE=@OLD_SQL_MODE */;
/*!40014 SET FOREIGN_KEY_CHECKS=@OLD_FOREIGN_KEY_CHECKS */;
/*!40014 SET UNIQUE_CHECKS=@OLD_UNIQUE_CHECKS */;
/*!40101 SET CHARACTER_SET_CLIENT=@OLD_CHARACTER_SET_CLIENT */;
/*!40101 SET CHARACTER_SET_RESULTS=@OLD_CHARACTER_SET_RESULTS */;
/*!40101 SET COLLATION_CONNECTION=@OLD_COLLATION_CONNECTION */;
/*!40111 SET SQL_NOTES=@OLD_SQL_NOTES */;

-- Dump completed on 2019-09-20 22:20:33
